code,name,close,open,high,low,change_pct,volume,turnover,volume_ratio,ma5,ma10,ma20,rsi_6,bias_20,is_yang,body_ratio,upper_shadow_ratio,lower_shadow_ratio,close_position,amplitude,six_dim_score,six_dim_details
600123,Shanxi Lanhua Sci-Te,6.409999847412109,6.019999980926514,6.449999809265137,6.010000228881836,6.833330790201823,74471223.0,477360528.06659317,1.6115153023643192,6.181999969482422,6.14399995803833,6.113999962806702,71.5517092544985,4.841345868597709,True,88.63641782245601,9.090909090909092,2.272673086634892,90.9090909090909,7.33332633972168,10,"{'趋势': '✅ 多头排列 (+2)', 'K线': '✅ 强势阳线 (+2)', '量能': '✅ 放量上涨 量比1.61 (+2)', '分时': '✅ 收盘高于开盘 (+1)', '盘口': '✅ 振幅适中7.3% (+1)', '尾盘': '✅ 收于高位91% (+2)'}"
600009,Shanghai Internation,31.190000534057617,30.43000030517578,31.200000762939453,30.3700008392334,2.1283549412069482,30104980.0,938974342.2777939,1.5300216416000114,30.79800033569336,30.95800018310547,31.563499927520752,56.90607210826145,-1.1833269261038897,True,91.56630105317826,1.2048469639832797,7.2288519828384565,98.79515303601673,2.7177468854758966,9,"{'趋势': '🟡 站上MA5 (+1)', 'K线': '✅ 强势阳线 (+2)', '量能': '✅ 放量上涨 量比1.53 (+2)', '分时': '✅ 收盘高于开盘 (+1)', '盘口': '✅ 振幅适中2.7% (+1)', '尾盘': '✅ 收于高位99% (+2)'}"
600048,Poly Developments an,7.190000057220459,6.760000228881836,7.21999979019165,6.75,5.735291993329328,397289994.0,2856515079.593116,1.2839429101209197,6.908000087738037,6.788000059127808,6.611000061035156,69.03226064469607,8.758130250185513,True,91.48936601935148,6.38292475810649,2.12770922254203,93.61707524189352,6.91176142659576,9,"{'趋势': '✅ 多头排列 (+2)', 'K线': '✅ 强势阳线 (+2)', '量能': '🟡 温和放量 量比1.28 (+1)', '分时': '✅ 收盘高于开盘 (+1)', '盘口': '✅ 振幅适中6.9% (+1)', '尾盘': '✅ 收于高位94% (+2)'}"
600185,Zhuhai Zhumian Group,7.079999923706055,6.699999809265137,7.139999866485596,6.659999847412109,5.514156236298038,67278857.0,476334302.42703056,1.5999487636716196,6.81599988937378,6.902999925613403,6.682499980926513,51.80721299570962,5.948371775744157,True,79.16668736272305,12.499987582366165,8.333325054910777,87.50001241763383,7.1535024790557635,9,"{'趋势': '🟡 站上MA5 (+1)', 'K线': '✅ 强势阳线 (+2)', '量能': '✅ 放量上涨 量比1.60 (+2)', '分时': '✅ 收盘高于开盘 (+1)', '盘口': '✅ 振幅适中7.2% (+1)', '尾盘': '✅ 收于高位88% (+2)'}"
600285,Henan Lingrui Pharma,22.399999618530273,21.8799991607666,22.540000915527344,21.729999542236328,2.376601817682395,13084887.0,293101463.80851173,1.2325659180721007,21.90999984741211,21.57800006866455,21.33800001144409,74.74751658818906,4.977034429265189,True,64.19747853647739,17.284081436584298,18.51844002693831,82.7159185634157,3.7020173873838296,9,"{'趋势': '✅ 多头排列 (+2)', 'K线': '✅ 强势阳线 (+2)', '量能': '🟡 温和放量 量比1.23 (+1)', '分时': '✅ 收盘高于开盘 (+1)', '盘口': '✅ 振幅适中3.7% (+1)', '尾盘': '✅ 收于高位83% (+2)'}"
600330,"TDG Holding Co., Ltd",16.940000534057617,15.699999809265137,16.940000534057617,15.699999809265137,10.000006192690519,281488939.0,4768422776.991312,1.7950539210684144,14.446000099182129,13.773000049591065,13.406000089645385,86.00746427991903,26.361333886174197,True,100.0,0.0,0.0,100.0,8.051952957845735,9,"{'趋势': '✅ 多头排列 (+2)', 'K线': '✅ 强势阳线 (+2)', '量能': '✅ 放量上涨 量比1.80 (+2)', '分时': '✅ 收盘高于开盘 (+1)', '盘口': '❌ 振幅8.1% (0)', '尾盘': '✅ 收于高位100% (+2)'}"
600348,Shan Xi Hua Yang Gro,9.720000267028809,9.180000305175781,9.729999542236328,9.149999618530273,5.882352330081837,99115948.0,963407041.0268135,1.2874372627944048,9.3560001373291,9.349000167846679,9.017500066757203,60.56337523679553,7.790409704141353,True,93.10345394574578,1.724013193592623,5.172532860661587,98.27598680640737,6.3180817475468345,9,"{'趋势': '✅ 多头排列 (+2)', 'K线': '✅ 强势阳线 (+2)', '量能': '🟡 温和放量 量比1.29 (+1)', '分时': '✅ 收盘高于开盘 (+1)', '盘口': '✅ 振幅适中6.3% (+1)', '尾盘': '✅ 收于高位98% (+2)'}"
600508,Shanghai Datun Energ,13.039999961853027,12.130000114440918,13.069999694824219,12.130000114440918,7.413505709044658,21472639.0,280003211.7408838,1.372179272034037,12.610000038146973,12.529999923706054,12.415000009536744,67.07318018713732,5.034232394975285,True,96.80853762094675,3.191462379053245,0.0,96.80853762094675,7.742994677099162,9,"{'趋势': '✅ 多头排列 (+2)', 'K线': '✅ 强势阳线 (+2)', '量能': '🟡 温和放量 量比1.37 (+1)', '分时': '✅ 收盘高于开盘 (+1)', '盘口': '✅ 振幅适中7.7% (+1)', '尾盘': '✅ 收于高位97% (+2)'}"
600546,Shanxi Coal Internat,11.670000076293945,10.680000305175781,11.670000076293945,10.65999984741211,9.990579207508302,78427990.0,915254649.2835808,1.6014231881623195,11.109999847412109,10.972999954223633,10.714999866485595,71.5999984741211,8.912741219861351,True,98.01975710581627,0.0,1.980242894183721,100.0,9.519323860168152,9,"{'趋势': '✅ 多头排列 (+2)', 'K线': '✅ 强势阳线 (+2)', '量能': '✅ 放量上涨 量比1.60 (+2)', '分时': '✅ 收盘高于开盘 (+1)', '盘口': '❌ 振幅9.5% (0)', '尾盘': '✅ 收于高位100% (+2)'}"
600585,Anhui Conch Cement C,25.239999771118164,24.31999969482422,25.34000015258789,24.270000457763672,3.5699585634980755,82552924.0,2083635782.8651352,1.2874935728975343,24.49200019836426,24.204999923706055,23.45650005340576,68.2352851418888,7.603434926999894,True,85.9813400643151,9.34583270943407,4.672827226250829,90.65416729056594,4.390642831253499,9,"{'趋势': '✅ 多头排列 (+2)', 'K线': '✅ 强势阳线 (+2)', '量能': '🟡 温和放量 量比1.29 (+1)', '分时': '✅ 收盘高于开盘 (+1)', '盘口': '✅ 振幅适中4.4% (+1)', '尾盘': '✅ 收于高位91% (+2)'}"
600710,Sumec Corporation Li,12.470000267028809,12.109999656677246,12.569999694824219,11.960000038146973,2.8877919535853316,36896549.0,460099975.8824415,1.2083854215813088,11.755999946594239,11.53799991607666,11.27549991607666,77.52291551194126,10.593768434595301,True,59.0165267161848,16.393358045498108,24.590115238317093,83.6066419545019,5.033000515157244,9,"{'趋势': '✅ 多头排列 (+2)', 'K线': '✅ 强势阳线 (+2)', '量能': '🟡 温和放量 量比1.21 (+1)', '分时': '✅ 收盘高于开盘 (+1)', '盘口': '✅ 振幅适中5.0% (+1)', '尾盘': '✅ 收于高位84% (+2)'}"
600778,Xinjiang Youhao(Grou,7.960000038146973,7.289999961853027,7.960000038146973,7.21999979019165,9.944755383847339,35323571.0,281175626.5074873,1.6375195555327433,7.446000003814698,7.282000017166138,7.099000000953675,79.10447176965218,12.128469320716043,True,90.54052051268998,0.0,9.459479487310015,100.0,10.220998223057052,9,"{'趋势': '✅ 多头排列 (+2)', 'K线': '✅ 强势阳线 (+2)', '量能': '✅ 放量上涨 量比1.64 (+2)', '分时': '✅ 收盘高于开盘 (+1)', '盘口': '❌ 振幅10.2% (0)', '尾盘': '✅ 收于高位100% (+2)'}"
688032,股票688032,113.25,105.6500015258789,113.66000366210938,105.6500015258789,5.989706707790901,3346091.0,378944805.75,1.6408357305261978,106.21200103759766,108.89600067138672,106.13100090026856,50.70664231358621,6.707747066685229,True,94.88135389808618,5.118646101913825,0.0,94.88135389808618,7.496492513446763,9,"{'趋势': '🟡 站上MA5 (+1)', 'K线': '✅ 强势阳线 (+2)', '量能': '✅ 放量上涨 量比1.64 (+2)', '分时': '✅ 收盘高于开盘 (+1)', '盘口': '✅ 振幅适中7.5% (+1)', '尾盘': '✅ 收于高位95% (+2)'}"
600028,China Petroleum & Ch,6.5,6.349999904632568,6.539999961853027,6.309999942779541,3.174600050953455,244684603.0,1590449919.5,0.825937829530522,6.426000118255615,6.364000082015991,6.173500013351441,61.81818812346437,5.2887338777425645,True,65.21742736008459,17.391286319957707,17.391286319957707,82.60871368004229,3.650793843018249,8,"{'趋势': '✅ 多头排列 (+2)', 'K线': '✅ 强势阳线 (+2)', '量能': '❌ 缩量 量比0.83 (0)', '分时': '✅ 收盘高于开盘 (+1)', '盘口': '✅ 振幅适中3.7% (+1)', '尾盘': '✅ 收于高位83% (+2)'}"
600004,Guangzhou Baiyun Int,9.619999885559082,9.4399995803833,9.640000343322754,9.399999618530273,1.7989426425942443,34149049.0,328513847.4719515,1.2827248948684709,9.53799991607666,9.560000038146972,9.518499946594238,64.86482306758461,1.0663438518078812,True,74.99990065922539,8.333498901291032,16.666600439483588,91.66650109870896,2.539690260704288,8,"{'趋势': '🟡 站上MA5 (+1)', 'K线': '✅ 强势阳线 (+2)', '量能': '🟡 温和放量 量比1.28 (+1)', '分时': '✅ 收盘高于开盘 (+1)', '盘口': '✅ 振幅适中2.5% (+1)', '尾盘': '✅ 收于高位92% (+2)'}"
600026,COSCO SHIPPING Energ,16.760000228881836,16.0,16.799999237060547,15.880000114440918,5.608067736236157,72939676.0,1222468986.454567,1.0286491251473793,15.836000061035156,15.377999973297118,14.615999984741212,74.50330801676571,14.668857733845883,True,82.60879931252455,4.3477224266058805,13.043478260869565,95.65227757339412,5.7970959625323175,8,"{'趋势': '✅ 多头排列 (+2)', 'K线': '✅ 强势阳线 (+2)', '量能': '❌ 缩量 量比1.03 (0)', '分时': '✅ 收盘高于开盘 (+1)', '盘口': '✅ 振幅适中5.8% (+1)', '尾盘': '✅ 收于高位96% (+2)'}"
600053,Kunwu Jiuding Invest,25.799999237060547,25.219999313354492,26.25,24.649999618530273,4.242421159840593,26831487.0,692252344.1292,1.6815207389768168,23.52400016784668,23.131999969482422,22.66300001144409,77.53305722973819,13.84194159657756,True,36.24998658895812,28.125040978183513,35.624972432858364,71.8749590218165,6.464648005938289,8,"{'趋势': '✅ 多头排列 (+2)', 'K线': '🟡 阳线 (+1)', '量能': '✅ 放量上涨 量比1.68 (+2)', '分时': '✅ 收盘高于开盘 (+1)', '盘口': '✅ 振幅适中6.5% (+1)', '尾盘': '🟡 收于中上72% (+1)'}"
600072,CSSC Science& Techno,13.329999923706055,12.149999618530273,13.329999923706055,12.140000343322754,9.983498758846372,110065131.0,1467168187.832697,2.2174924257608435,12.013999748229981,11.917999935150146,11.925,89.71961533953697,11.78197001011366,True,99.15972447618017,0.0,0.8402755238198276,100.0,9.818478478710047,8,"{'趋势': '🟡 站上MA5 (+1)', 'K线': '✅ 强势阳线 (+2)', '量能': '✅ 放量上涨 量比2.22 (+2)', '分时': '✅ 收盘高于开盘 (+1)', '盘口': '❌ 振幅9.8% (0)', '尾盘': '✅ 收于高位100% (+2)'}"
600098,Guangzhou Developmen,7.119999885559082,6.889999866485596,7.119999885559082,6.869999885559082,3.188402712332646,32258996.0,229684047.82825089,1.0023075727526591,7.035999965667725,7.009999990463257,6.8625,62.50000000000001,3.7522751994037487,True,92.00000762939453,0.0,7.999992370605469,100.0,3.6231883557196856,8,"{'趋势': '✅ 多头排列 (+2)', 'K线': '✅ 强势阳线 (+2)', '量能': '❌ 缩量 量比1.00 (0)', '分时': '✅ 收盘高于开盘 (+1)', '盘口': '✅ 振幅适中3.6% (+1)', '尾盘': '✅ 收于高位100% (+2)'}"
600118,"China Spacesat Co.,L",97.5,93.95999908447266,98.0,93.33000183105469,3.3386344216453887,97084918.0,9465779505.0,1.3400847416832746,93.55599975585938,96.34600067138672,101.79150047302247,55.319135984503134,-4.215971326761051,True,75.80304718463795,10.70664231358621,13.490310501775838,89.29335768641378,4.949653677234799,8,"{'趋势': '🟡 站上MA5 (+1)', 'K线': '✅ 强势阳线 (+2)', '量能': '🟡 温和放量 量比1.34 (+1)', '分时': '✅ 收盘高于开盘 (+1)', '盘口': '✅ 振幅适中4.9% (+1)', '尾盘': '✅ 收于高位89% (+2)'}"
600153,Xiamen C&D Inc.,9.6899995803833,9.329999923706055,9.699999809265137,9.319999694824219,3.525640339854489,31907953.0,309188051.1808901,1.0605548036652175,9.49799976348877,9.423999977111816,9.356500005722046,66.38654788732846,3.5643624694843243,True,94.73672322622905,2.6316383868854762,2.6316383868854762,97.36836161311453,4.0598304314021325,8,"{'趋势': '✅ 多头排列 (+2)', 'K线': '✅ 强势阳线 (+2)', '量能': '❌ 缩量 量比1.06 (0)', '分时': '✅ 收盘高于开盘 (+1)', '盘口': '✅ 振幅适中4.1% (+1)', '尾盘': '✅ 收于高位97% (+2)'}"
600163,"Zhongmin Energy Co.,",6.019999980926514,5.940000057220459,6.019999980926514,5.889999866485596,1.0067104428777092,38003133.0,228778859.93514776,1.0920540371147878,5.894000053405762,5.889000034332275,5.776500034332275,76.08692947993656,4.215354369376117,True,61.53834867769504,0.0,38.46165132230496,100.0,2.181209959880074,8,"{'趋势': '✅ 多头排列 (+2)', 'K线': '✅ 强势阳线 (+2)', '量能': '❌ 缩量 量比1.09 (0)', '分时': '✅ 收盘高于开盘 (+1)', '盘口': '✅ 振幅适中2.2% (+1)', '尾盘': '✅ 收于高位100% (+2)'}"
600173,Wolong New Energy Gr,8.289999961853027,8.010000228881836,8.3100004196167,8.010000228881836,2.599010397646785,20952512.0,173696323.6807251,0.5763434953221317,8.339999961853028,8.301000022888184,7.849999976158142,47.087382011761676,5.605095376194191,True,93.33318498408954,6.666815015910456,0.0,93.33318498408954,3.712873682766845,8,"{'趋势': '✅ 多头排列 (+2)', 'K线': '✅ 强势阳线 (+2)', '量能': '❌ 缩量 量比0.58 (0)', '分时': '✅ 收盘高于开盘 (+1)', '盘口': '✅ 振幅适中3.7% (+1)', '尾盘': '✅ 收于高位93% (+2)'}"
600176,"China Jushi Co., Ltd",21.93000030517578,20.75,22.420000076293945,20.239999771118164,5.993232185166027,140554739.0,3082365469.1639023,1.5957121070393976,21.088000106811524,21.040999984741212,19.720499897003172,64.60904671471141,11.20407910404125,True,54.12844678848031,22.47705057447933,23.394502637040354,77.52294942552066,10.536492261502376,8,"{'趋势': '✅ 多头排列 (+2)', 'K线': '✅ 强势阳线 (+2)', '量能': '✅ 放量上涨 量比1.60 (+2)', '分时': '✅ 收盘高于开盘 (+1)', '盘口': '❌ 振幅10.5% (0)', '尾盘': '🟡 收于中上78% (+1)'}"
600172,Henan Huanghe Whirlw,8.029999732971191,7.590000152587891,8.109999656677246,7.510000228881836,5.7970958041849086,255418934.0,2051013971.8157864,0.9672476894239488,7.332000064849853,7.041000032424927,6.624000000953674,66.41509454332669,21.225841361942813,True,73.33333333333333,13.333333333333334,13.333333333333334,86.66666666666667,7.905130642070331,8,"{'趋势': '✅ 多头排列 (+2)', 'K线': '✅ 强势阳线 (+2)', '量能': '❌ 缩量 量比0.97 (0)', '分时': '✅ 收盘高于开盘 (+1)', '盘口': '✅ 振幅适中7.9% (+1)', '尾盘': '✅ 收于高位87% (+2)'}"
600188,Yankuang Energy Grou,15.270000457763672,14.0,15.270000457763672,13.890000343322754,10.014411612839837,113916591.0,1739506396.716877,1.4312757436943857,14.460000228881835,14.286000156402588,14.14350004196167,72.22222222222223,7.964792395516264,True,92.02901104672658,0.0,7.970988953273419,100.0,9.942363854919204,8,"{'趋势': '✅ 多头排列 (+2)', 'K线': '✅ 强势阳线 (+2)', '量能': '🟡 温和放量 量比1.43 (+1)', '分时': '✅ 收盘高于开盘 (+1)', '盘口': '❌ 振幅9.9% (0)', '尾盘': '✅ 收于高位100% (+2)'}"
600197,Xinjiang Yilite Indu,14.25,14.050000190734863,14.300000190734863,13.989999771118164,0.7779324894372479,10527625.0,150018656.25,0.5790109671817456,14.250000190734863,13.894999980926514,13.865499925613403,67.06826924697313,2.7730704009908775,True,64.51598017590653,16.129071953091593,19.35494787100188,83.8709280469084,2.1923650077072936,8,"{'趋势': '✅ 多头排列 (+2)', 'K线': '✅ 强势阳线 (+2)', '量能': '❌ 缩量 量比0.58 (0)', '分时': '✅ 收盘高于开盘 (+1)', '盘口': '✅ 振幅适中2.2% (+1)', '尾盘': '✅ 收于高位84% (+2)'}"
600233,YTO Express Group Co,17.700000762939453,17.100000381469727,17.770000457763672,17.040000915527344,3.6906917362526754,19709022.0,348849704.43679047,1.4828223993040275,17.072000122070314,17.165999984741212,17.0625,69.93868404732093,3.7362682077037546,True,82.19188461839938,9.589005304000208,8.219110077600398,90.41099469599979,4.276505889204384,8,"{'趋势': '🟡 站上MA5 (+1)', 'K线': '✅ 强势阳线 (+2)', '量能': '🟡 温和放量 量比1.48 (+1)', '分时': '✅ 收盘高于开盘 (+1)', '盘口': '✅ 振幅适中4.3% (+1)', '尾盘': '✅ 收于高位90% (+2)'}"
600256,"Guanghui Energy Co.,",5.630000114440918,5.46999979019165,5.670000076293945,5.440000057220459,4.259259537250739,226291889.0,1274023360.9670515,0.9294352623846993,5.530000114440918,5.480999994277954,5.272000026702881,59.090922883720644,6.790593435598499,True,69.5653526003172,17.391286319957707,13.043361079725093,82.60871368004229,4.259259537250739,8,"{'趋势': '✅ 多头排列 (+2)', 'K线': '✅ 强势阳线 (+2)', '量能': '❌ 缩量 量比0.93 (0)', '分时': '✅ 收盘高于开盘 (+1)', '盘口': '✅ 振幅适中4.3% (+1)', '尾盘': '✅ 收于高位83% (+2)'}"
600320,Shanghai Zhenhua Hea,5.320000171661377,5.110000133514404,5.349999904632568,5.110000133514404,3.703704736489382,93759935.0,498802870.29495955,1.4791694974970924,5.134000015258789,5.221000003814697,5.203000020980835,55.714304203857054,2.2487055584998004,True,87.50009934116937,12.499900658830637,0.0,87.50009934116937,4.678358007099575,8,"{'趋势': '🟡 站上MA5 (+1)', 'K线': '✅ 强势阳线 (+2)', '量能': '🟡 温和放量 量比1.48 (+1)', '分时': '✅ 收盘高于开盘 (+1)', '盘口': '✅ 振幅适中4.7% (+1)', '尾盘': '✅ 收于高位88% (+2)'}"
600316,Jiangxi Hongdu Aviat,44.959999084472656,43.27000045776367,45.70000076293945,42.56999969482422,5.440899925030104,24954051.0,1121934110.113884,1.398619825003727,42.51800003051758,41.638000106811525,40.73950004577637,100.0,10.359722220336492,True,53.99354792318446,23.642218081171368,22.364233995644177,76.35778191882864,7.340527938363653,8,"{'趋势': '✅ 多头排列 (+2)', 'K线': '✅ 强势阳线 (+2)', '量能': '🟡 温和放量 量比1.40 (+1)', '分时': '✅ 收盘高于开盘 (+1)', '盘口': '✅ 振幅适中7.3% (+1)', '尾盘': '🟡 收于中上76% (+1)'}"
600395,Guizhou Panjiang Ref,5.96999979019165,5.590000152587891,6.0,5.53000020980835,6.797846640985133,120963986.0,722154971.0407457,1.3621470751955564,5.485999870300293,5.163999891281128,4.98149995803833,96.92307918029474,19.84341745417946,True,80.85102281616093,6.38302621286629,12.765950970972778,93.6169737871337,8.407867215782883,8,"{'趋势': '✅ 多头排列 (+2)', 'K线': '✅ 强势阳线 (+2)', '量能': '🟡 温和放量 量比1.36 (+1)', '分时': '✅ 收盘高于开盘 (+1)', '盘口': '❌ 振幅8.4% (0)', '尾盘': '✅ 收于高位94% (+2)'}"
600438,"Tongwei Co.,Ltd",19.559999465942383,18.68000030517578,19.579999923706055,18.600000381469727,4.823149120524196,128378622.0,2511085777.758419,1.482288503621522,18.663999938964842,19.054000091552734,19.585500144958495,50.8670450129132,-0.13020182700147176,True,89.79587467545865,2.0408639904087567,8.163261334132603,97.95913600959125,5.251873259646574,8,"{'趋势': '🟡 站上MA5 (+1)', 'K线': '✅ 强势阳线 (+2)', '量能': '🟡 温和放量 量比1.48 (+1)', '分时': '✅ 收盘高于开盘 (+1)', '盘口': '✅ 振幅适中5.3% (+1)', '尾盘': '✅ 收于高位98% (+2)'}"
600519,"Kweichow Moutai Co.,",1525.0,1485.0,1533.27001953125,1474.0,3.3954353159868225,10912293.0,16641246825.0,0.965378674480079,1453.1280029296875,1395.1400024414063,1394.3270080566406,80.94330396318506,9.371760798457633,True,67.48774560283395,13.953124356386704,18.55913004077934,86.04687564361329,4.018524243029924,8,"{'趋势': '✅ 多头排列 (+2)', 'K线': '✅ 强势阳线 (+2)', '量能': '❌ 缩量 量比0.97 (0)', '分时': '✅ 收盘高于开盘 (+1)', '盘口': '✅ 振幅适中4.0% (+1)', '尾盘': '✅ 收于高位86% (+2)'}"
600523,Guizhou Guihang Auto,15.430000305175781,14.739999771118164,15.65999984741211,14.710000038146973,4.186359675843469,13132239.0,202630451.7776413,1.8974219919747968,14.85200023651123,15.261000061035157,15.57800006866455,46.08294768854844,-0.9500562513571554,True,72.63164974647316,24.210482990964184,3.157867262562654,75.7895170090358,6.4145832704150845,8,"{'趋势': '🟡 站上MA5 (+1)', 'K线': '✅ 强势阳线 (+2)', '量能': '✅ 放量上涨 量比1.90 (+2)', '分时': '✅ 收盘高于开盘 (+1)', '盘口': '✅ 振幅适中6.4% (+1)', '尾盘': '🟡 收于中上76% (+1)'}"
600566,Hubei Jumpcan Pharma,26.770000457763672,25.709999084472656,26.850000381469727,25.690000534057617,4.203970032130917,6627969.0,177430733.16404343,1.341922093324032,26.104000091552734,26.48499984741211,26.4164999961853,49.16668719715869,1.338180537275635,True,91.37944075215316,6.89654605425421,1.724013193592623,93.10345394574578,4.515374944715475,8,"{'趋势': '🟡 站上MA5 (+1)', 'K线': '✅ 强势阳线 (+2)', '量能': '🟡 温和放量 量比1.34 (+1)', '分时': '✅ 收盘高于开盘 (+1)', '盘口': '✅ 振幅适中4.5% (+1)', '尾盘': '✅ 收于高位93% (+2)'}"
600583,Offshore Oil Enginee,6.690000057220459,6.559999942779541,6.71999979019165,6.5,3.2407413198896653,74183075.0,496284775.9947896,0.6447237887988132,6.626000022888183,6.597000026702881,6.3230000019073485,60.90909366765083,5.804207736871803,True,59.091017463093856,13.636255264178876,27.27272727272727,86.36374473582113,3.39505848061874,8,"{'趋势': '✅ 多头排列 (+2)', 'K线': '✅ 强势阳线 (+2)', '量能': '❌ 缩量 量比0.64 (0)', '分时': '✅ 收盘高于开盘 (+1)', '盘口': '✅ 振幅适中3.4% (+1)', '尾盘': '✅ 收于高位86% (+2)'}"
600586,Shandong Jinjing Sci,6.940000057220459,6.5,7.039999961853027,6.429999828338623,8.437499278225015,234437376.0,1626995402.8546143,1.9127901183901912,6.198000049591064,6.288000011444092,6.197999978065491,63.451783407469016,11.971605062615048,True,72.13114113360584,16.393423400817504,11.475435465576664,83.6065765991825,9.531251944135846,8,"{'趋势': '🟡 站上MA5 (+1)', 'K线': '✅ 强势阳线 (+2)', '量能': '✅ 放量上涨 量比1.91 (+2)', '分时': '✅ 收盘高于开盘 (+1)', '盘口': '❌ 振幅9.5% (0)', '尾盘': '✅ 收于高位84% (+2)'}"
600642,Shenergy Company Lim,8.390000343322754,8.270000457763672,8.40999984741211,8.239999771118164,1.4510263472407563,24532206.0,205825216.76246452,0.864387462986103,8.32400016784668,8.314000129699707,8.179500079154968,65.78945387103818,2.5735101428048766,True,70.5881362968282,11.764408890484578,17.64745481268723,88.23559110951543,2.0556235415241537,8,"{'趋势': '✅ 多头排列 (+2)', 'K线': '✅ 强势阳线 (+2)', '量能': '❌ 缩量 量比0.86 (0)', '分时': '✅ 收盘高于开盘 (+1)', '盘口': '✅ 振幅适中2.1% (+1)', '尾盘': '✅ 收于高位88% (+2)'}"
600660,Fuyao Glass Industry,62.63999938964844,60.5,62.86000061035156,60.380001068115234,3.53718907379907,27516759.0,1723649766.9651031,1.491276888661789,61.43600006103516,61.454000091552736,61.56300010681152,53.0655515589464,1.7494262478571978,True,86.29031389734463,8.871018601267156,4.838667501388212,91.12898139873285,4.09917279708484,8,"{'趋势': '🟡 站上MA5 (+1)', 'K线': '✅ 强势阳线 (+2)', '量能': '🟡 温和放量 量比1.49 (+1)', '分时': '✅ 收盘高于开盘 (+1)', '盘口': '✅ 振幅适中4.1% (+1)', '尾盘': '✅ 收于高位91% (+2)'}"
600733,BAIC BluePark New En,8.270000457763672,7.909999847412109,8.279999732971191,7.880000114440918,3.8944776147119837,188921735.0,1562382834.931507,1.314079869088242,8.03000020980835,8.152000093460083,8.321500039100647,43.10345961562018,-0.6188737738988295,True,90.00023841880648,2.4998211858951436,7.499940395298381,97.50017881410486,5.025120811725402,8,"{'趋势': '🟡 站上MA5 (+1)', 'K线': '✅ 强势阳线 (+2)', '量能': '🟡 温和放量 量比1.31 (+1)', '分时': '✅ 收盘高于开盘 (+1)', '盘口': '✅ 振幅适中5.0% (+1)', '尾盘': '✅ 收于高位98% (+2)'}"
600738,Lanzhou Lishang Guoc,5.53000020980835,5.380000114440918,5.539999961853027,5.360000133514404,2.2181213637860413,22821847.0,126204818.69821405,1.3070804130630886,5.40600004196167,5.426000022888184,5.36850004196167,76.9232179995525,3.008292196784022,True,83.33346578822582,5.555423100663069,11.11111111111111,94.44457689933692,3.327168824685393,8,"{'趋势': '🟡 站上MA5 (+1)', 'K线': '✅ 强势阳线 (+2)', '量能': '🟡 温和放量 量比1.31 (+1)', '分时': '✅ 收盘高于开盘 (+1)', '盘口': '✅ 振幅适中3.3% (+1)', '尾盘': '✅ 收于高位94% (+2)'}"
600732,Shanghai Aiko Solar ,14.770000457763672,14.170000076293945,14.859999656677246,14.010000228881836,4.234300481575241,84582985.0,1249290727.1690178,1.404298912322708,14.02800006866455,14.14399995803833,13.946500015258788,56.25001164153028,5.904710440640277,True,70.58832769169148,10.588148176405184,18.823524131903344,89.41185182359482,5.998584496957328,8,"{'趋势': '🟡 站上MA5 (+1)', 'K线': '✅ 强势阳线 (+2)', '量能': '🟡 温和放量 量比1.40 (+1)', '分时': '✅ 收盘高于开盘 (+1)', '盘口': '✅ 振幅适中6.0% (+1)', '尾盘': '✅ 收于高位89% (+2)'}"
600820,股票600820,6.71999979019165,6.610000133514404,6.730000019073486,6.570000171661377,1.6641400068892507,35640935.0,239507075.72223425,0.8916844966363412,6.675999927520752,6.674999952316284,6.6355000019073485,62.29505761915855,1.2734502036020314,True,68.74985098824595,6.250149011754047,25.0,93.74985098824595,2.4205725292026683,8,"{'趋势': '✅ 多头排列 (+2)', 'K线': '✅ 强势阳线 (+2)', '量能': '❌ 缩量 量比0.89 (0)', '分时': '✅ 收盘高于开盘 (+1)', '盘口': '✅ 振幅适中2.4% (+1)', '尾盘': '✅ 收于高位94% (+2)'}"
600814,股票600814,8.90999984741211,8.0600004196167,8.90999984741211,8.0600004196167,9.999992935746137,36421841.0,324518597.7524681,2.5753787344232997,8.226000213623047,8.218000030517578,8.335000133514404,92.85717066107178,6.898616732898121,True,100.0,0.0,0.0,100.0,10.493819602032904,8,"{'趋势': '🟡 站上MA5 (+1)', 'K线': '✅ 强势阳线 (+2)', '量能': '✅ 放量上涨 量比2.58 (+2)', '分时': '✅ 收盘高于开盘 (+1)', '盘口': '❌ 振幅10.5% (0)', '尾盘': '✅ 收于高位100% (+2)'}"
600821,股票600821,5.869999885559082,5.800000190734863,5.889999866485596,5.769999980926514,0.6861057011403852,38684500.0,227078010.5729103,0.49112758582238264,5.877999877929687,5.7659999370574955,5.570999956130981,56.16436119172707,5.36707829442803,True,58.3331346509946,16.666666666666664,25.00019868233873,83.33333333333334,2.0583171034211554,8,"{'趋势': '✅ 多头排列 (+2)', 'K线': '✅ 强势阳线 (+2)', '量能': '❌ 缩量 量比0.49 (0)', '分时': '✅ 收盘高于开盘 (+1)', '盘口': '✅ 振幅适中2.1% (+1)', '尾盘': '✅ 收于高位83% (+2)'}"
600926,股票600926,16.139999389648438,15.829999923706055,16.190000534057617,15.829999923706055,1.8939345591580308,39185287.0,632450508.2631989,0.7574294314149861,16.018000030517577,15.788999938964844,15.628999996185303,70.64220825637584,3.269559111829662,True,86.11081676768532,13.88918323231467,0.0,86.11081676768532,2.272731104063447,8,"{'趋势': '✅ 多头排列 (+2)', 'K线': '✅ 强势阳线 (+2)', '量能': '❌ 缩量 量比0.76 (0)', '分时': '✅ 收盘高于开盘 (+1)', '盘口': '✅ 振幅适中2.3% (+1)', '尾盘': '✅ 收于高位86% (+2)'}"
601128,股票601128,7.260000228881836,7.099999904632568,7.28000020980835,7.099999904632568,1.9662969883848629,44028951.0,319650194.33742714,0.8700961124780182,7.2600000381469725,7.248000001907348,7.145000004768372,56.25002328303453,1.6095202804298965,True,88.88891832323147,11.111081676768533,0.0,88.88891832323147,2.528094214451622,8,"{'趋势': '✅ 多头排列 (+2)', 'K线': '✅ 强势阳线 (+2)', '量能': '❌ 缩量 量比0.87 (0)', '分时': '✅ 收盘高于开盘 (+1)', '盘口': '✅ 振幅适中2.5% (+1)', '尾盘': '✅ 收于高位89% (+2)'}"
688348,股票688348,57.58000183105469,54.63999938964844,57.880001068115234,53.83000183105469,5.69016577618552,6156046.0,354465139.9520569,1.4087383505920799,54.65600051879883,56.670999908447264,55.79049987792969,42.45162471648185,3.207538840914582,True,72.59266654924305,7.40738996480117,19.99994348595579,92.59261003519883,7.43391936690589,8,"{'趋势': '🟡 站上MA5 (+1)', 'K线': '✅ 强势阳线 (+2)', '量能': '🟡 温和放量 量比1.41 (+1)', '分时': '✅ 收盘高于开盘 (+1)', '盘口': '✅ 振幅适中7.4% (+1)', '尾盘': '✅ 收于高位93% (+2)'}"
300683,股票300683,32.720001220703125,30.8700008392334,33.0,29.8799991607666,8.560059334111292,14441000.0,472509537.6281738,1.8393837991670563,30.497999954223634,31.32100009918213,30.632000160217284,51.52672811596679,6.816404575492238,True,59.29486807203174,8.974317435301469,31.7308144926668,91.02568256469853,10.351695097594995,8,"{'趋势': '🟡 站上MA5 (+1)', 'K线': '✅ 强势阳线 (+2)', '量能': '✅ 放量上涨 量比1.84 (+2)', '分时': '✅ 收盘高于开盘 (+1)', '盘口': '❌ 振幅10.4% (0)', '尾盘': '✅ 收于高位91% (+2)'}"
600019,Baoshan Iron & Steel,7.21999979019165,7.0,7.21999979019165,6.989999771118164,2.8490001397227975,157324271.0,1135881203.6120543,0.7672850332662047,7.171999931335449,7.212999963760376,7.211499977111816,53.33332980120661,0.11786470369286904,True,95.65207475976739,0.0,4.347925240232613,100.0,3.2763535569572815,7,"{'趋势': '🟡 站上MA5 (+1)', 'K线': '✅ 强势阳线 (+2)', '量能': '❌ 缩量 量比0.77 (0)', '分时': '✅ 收盘高于开盘 (+1)', '盘口': '✅ 振幅适中3.3% (+1)', '尾盘': '✅ 收于高位100% (+2)'}"
600018,Shanghai Internation,5.059999942779541,4.960000038146973,5.070000171661377,4.949999809265137,2.0161270940217118,93599666.0,473614304.60418415,0.9939853878231866,4.985999965667725,5.0100000381469725,5.155531811714172,59.259206931446705,-1.85299737104847,True,83.33300219741794,8.333498901291032,8.333498901291032,91.66650109870896,2.4193621264783634,7,"{'趋势': '🟡 站上MA5 (+1)', 'K线': '✅ 强势阳线 (+2)', '量能': '❌ 缩量 量比0.99 (0)', '分时': '✅ 收盘高于开盘 (+1)', '盘口': '✅ 振幅适中2.4% (+1)', '尾盘': '✅ 收于高位92% (+2)'}"
600029,China Southern Airli,8.180000305175781,7.630000114440918,8.329999923706055,7.619999885559082,6.928107231388127,166671048.0,1363369223.5039673,1.576610667798134,7.500000095367431,7.549000072479248,7.677500057220459,73.68419920450708,6.545102497039203,True,77.46481143442013,21.12670570015138,1.408482865428502,78.87329429984862,9.281046134586632,7,"{'趋势': '🟡 站上MA5 (+1)', 'K线': '✅ 强势阳线 (+2)', '量能': '✅ 放量上涨 量比1.58 (+2)', '分时': '✅ 收盘高于开盘 (+1)', '盘口': '❌ 振幅9.3% (0)', '尾盘': '🟡 收于中上79% (+1)'}"
600031,Sany Heavy Industry ,23.260000228881836,22.90999984741211,23.299999237060547,22.799999237060547,0.7798973386949554,85973256.0,1999737954.2377167,0.9844134809281915,22.352000045776368,22.547999954223634,22.410000038146972,56.45645748848719,3.792950420740599,True,70.00007629394531,7.9998016357421875,22.0001220703125,92.00019836425781,2.166377823452405,7,"{'趋势': '🟡 站上MA5 (+1)', 'K线': '✅ 强势阳线 (+2)', '量能': '❌ 缩量 量比0.98 (0)', '分时': '✅ 收盘高于开盘 (+1)', '盘口': '✅ 振幅适中2.2% (+1)', '尾盘': '✅ 收于高位92% (+2)'}"
600066,"Yutong Bus Co.,Ltd.",31.0,30.489999771118164,31.149999618530273,29.75,-0.8,27692323.0,858462013.0,1.5140172845046622,31.08199996948242,31.26100025177002,31.576000213623047,22.22219699274754,-1.8241709200854999,True,36.428597703279145,10.714261385852646,52.85714091086822,89.28573861414736,4.479998779296875,7,"{'趋势': '❌ 均线空头 (0)', 'K线': '🟡 阳线 (+1)', '量能': '✅ 放量上涨 量比1.51 (+2)', '分时': '✅ 收盘高于开盘 (+1)', '盘口': '✅ 振幅适中4.5% (+1)', '尾盘': '✅ 收于高位89% (+2)'}"
600064,Nanjing Gaoke Compan,8.90999984741211,8.770000457763672,8.930000305175781,8.720000267028809,1.7123243677063242,23082461.0,205664723.98789597,0.8468401741319862,8.9,8.932000064849854,8.854000043869018,51.35133974099572,0.6324802718051575,True,66.66636391297043,9.5240257764497,23.809610310579878,90.47597422355031,2.3972606468045488,7,"{'趋势': '🟡 站上MA5 (+1)', 'K线': '✅ 强势阳线 (+2)', '量能': '❌ 缩量 量比0.85 (0)', '分时': '✅ 收盘高于开盘 (+1)', '盘口': '✅ 振幅适中2.4% (+1)', '尾盘': '✅ 收于高位90% (+2)'}"
600075,"Xinjiang Tianye Co.,",6.099999904632568,5.940000057220459,6.170000076293945,5.809999942779541,3.389827220887213,38459943.0,234605648.63217402,0.5728983107923781,6.095999908447266,6.075,5.821000027656555,53.12499720603211,4.79298875881185,True,44.444385575681316,19.444484916719095,36.111129507599586,80.55551508328091,6.101697079582585,7,"{'趋势': '✅ 多头排列 (+2)', 'K线': '🟡 阳线 (+1)', '量能': '❌ 缩量 量比0.57 (0)', '分时': '✅ 收盘高于开盘 (+1)', '盘口': '✅ 振幅适中6.1% (+1)', '尾盘': '✅ 收于高位81% (+2)'}"
600079,Humanwell Healthcare,19.020000457763672,18.299999237060547,19.270000457763672,18.290000915527344,3.6512264979052946,41548430.0,790251157.6193619,1.786440175387156,18.42400016784668,18.329000091552736,18.34550008773804,81.53846831011747,3.676652949223571,True,73.46954663469586,25.510215997602188,1.0202373677019552,74.48978400239781,5.340596849392741,7,"{'趋势': '🟡 站上MA5 (+1)', 'K线': '🟡 阳线 (+1)', '量能': '✅ 放量上涨 量比1.79 (+2)', '分时': '✅ 收盘高于开盘 (+1)', '盘口': '✅ 振幅适中5.3% (+1)', '尾盘': '🟡 收于中上74% (+1)'}"
600095,"Xiangcai Co.,Ltd",11.130000114440918,10.960000038146973,11.149999618530273,10.890000343322754,1.5510955812249025,31529802.0,350926699.8682995,0.8634431799883668,11.065999984741211,11.288999938964844,11.39549994468689,26.31578947368422,-2.329865574434582,True,65.38482699932877,7.692138400536994,26.923034600134248,92.30786159946301,2.372256152395763,7,"{'趋势': '🟡 站上MA5 (+1)', 'K线': '✅ 强势阳线 (+2)', '量能': '❌ 缩量 量比0.86 (0)', '分时': '✅ 收盘高于开盘 (+1)', '盘口': '✅ 振幅适中2.4% (+1)', '尾盘': '✅ 收于高位92% (+2)'}"
600097,Shanghai Kaichuang M,12.260000228881836,11.960000038146973,12.279999732971191,11.90999984741211,2.766135081848117,10894064.0,133561227.13345337,1.0055409837784504,12.044000244140625,12.079000186920165,12.014500093460082,62.40601288105744,2.0433653794333737,True,81.08115770942823,5.405273047351233,13.513569243220532,94.59472695264877,3.101423940438284,7,"{'趋势': '🟡 站上MA5 (+1)', 'K线': '✅ 强势阳线 (+2)', '量能': '❌ 缩量 量比1.01 (0)', '分时': '✅ 收盘高于开盘 (+1)', '盘口': '✅ 振幅适中3.1% (+1)', '尾盘': '✅ 收于高位95% (+2)'}"
600101,Sichuan Mingxing Ele,10.1899995803833,10.0600004196167,10.1899995803833,10.020000457763672,0.991074591507932,18656502.0,190109747.5514202,1.0453316233745955,10.033999824523926,10.019000053405762,9.966500091552735,72.7272201832211,2.242507267119741,True,76.4704892374493,0.0,23.5295107625507,100.0,1.6848277507312763,7,"{'趋势': '✅ 多头排列 (+2)', 'K线': '✅ 强势阳线 (+2)', '量能': '❌ 缩量 量比1.05 (0)', '分时': '✅ 收盘高于开盘 (+1)', '盘口': '❌ 振幅1.7% (0)', '尾盘': '✅ 收于高位100% (+2)'}"
600115,China Eastern Airlin,6.28000020980835,5.730000019073486,6.28000020980835,5.710000038146973,9.98248980478738,241774792.0,1518345744.48637,1.2480383777641744,5.66200008392334,5.729000091552734,5.882500052452087,69.84126623705917,6.757333681460258,True,96.49123247310263,0.0,3.5087675268973726,100.0,9.98248980478738,7,"{'趋势': '🟡 站上MA5 (+1)', 'K线': '✅ 强势阳线 (+2)', '量能': '🟡 温和放量 量比1.25 (+1)', '分时': '✅ 收盘高于开盘 (+1)', '盘口': '❌ 振幅10.0% (0)', '尾盘': '✅ 收于高位100% (+2)'}"
600116,Chongqing Three Gorg,6.809999942779541,6.619999885559082,6.809999942779541,6.599999904632568,2.8700915484141705,24088930.0,164045611.92162037,1.0559070317291845,6.73799991607666,6.759999990463257,6.686000037193298,52.830164913764406,1.8546201749394025,True,90.4762012888225,0.0,9.523798711177516,100.0,3.172206069143118,7,"{'趋势': '🟡 站上MA5 (+1)', 'K线': '✅ 强势阳线 (+2)', '量能': '❌ 缩量 量比1.06 (0)', '分时': '✅ 收盘高于开盘 (+1)', '盘口': '✅ 振幅适中3.2% (+1)', '尾盘': '✅ 收于高位100% (+2)'}"
600129,Chongqing Taiji Indu,18.100000381469727,17.760000228881836,18.110000610351562,17.6200008392334,1.628303897941745,9731329.0,176137058.6122074,1.0074172221629265,17.79000015258789,18.02700023651123,18.316500186920166,52.447541254741694,-1.1819933024379965,True,69.38781865387834,2.0408639904087567,28.5713173557129,97.95913600959125,2.751262132574335,7,"{'趋势': '🟡 站上MA5 (+1)', 'K线': '✅ 强势阳线 (+2)', '量能': '❌ 缩量 量比1.01 (0)', '分时': '✅ 收盘高于开盘 (+1)', '盘口': '✅ 振幅适中2.8% (+1)', '尾盘': '✅ 收于高位98% (+2)'}"
600155,Huachuang Yunxin Dig,6.760000228881836,6.659999847412109,6.769999980926514,6.630000114440918,1.3493276095717444,26626503.0,179995166.3743229,0.8755209672229372,6.742000102996826,6.797000074386597,6.849000000953675,43.75000620881692,-1.2994564470644787,True,71.4289120268664,7.14268684370966,21.428401129423946,92.85731315629035,2.0989484990138694,7,"{'趋势': '🟡 站上MA5 (+1)', 'K线': '✅ 强势阳线 (+2)', '量能': '❌ 缩量 量比0.88 (0)', '分时': '✅ 收盘高于开盘 (+1)', '盘口': '✅ 振幅适中2.1% (+1)', '尾盘': '✅ 收于高位93% (+2)'}"
600152,Veken Technology Co.,7.900000095367432,7.760000228881836,7.900000095367432,7.690000057220459,1.1523707201956779,15905300.0,125651871.51684761,0.8190235631286614,7.7020000457763675,7.770999956130981,7.776999974250794,49.25374940128433,1.5815882927077827,True,66.6665909782426,0.0,33.33340902175739,100.0,2.688860943476968,7,"{'趋势': '🟡 站上MA5 (+1)', 'K线': '✅ 强势阳线 (+2)', '量能': '❌ 缩量 量比0.82 (0)', '分时': '✅ 收盘高于开盘 (+1)', '盘口': '✅ 振幅适中2.7% (+1)', '尾盘': '✅ 收于高位100% (+2)'}"
600218,Anhui Quanchai Engin,10.960000038146973,10.619999885559082,11.1899995803833,10.550000190734863,3.201508062633953,21420470.0,234768352.01712608,1.6870396518707031,10.636000061035157,10.902000045776367,10.90499997138977,42.51969863879834,0.5043564135855083,True,53.12507450587702,35.93746274706149,10.937462747061488,64.06253725293851,6.02635966614933,7,"{'趋势': '🟡 站上MA5 (+1)', 'K线': '🟡 阳线 (+1)', '量能': '✅ 放量上涨 量比1.69 (+2)', '分时': '✅ 收盘高于开盘 (+1)', '盘口': '✅ 振幅适中6.0% (+1)', '尾盘': '🟡 收于中上64% (+1)'}"
600258,BTG Hotels (Group) C,17.549999237060547,16.979999542236328,17.600000381469727,16.969999313354492,2.3323593436006895,18690210.0,328013171.2405014,0.9441934302334675,17.177999877929686,17.28099994659424,17.329999923706055,64.56692558617334,1.2694709424294384,True,90.47598864069852,7.93667613275124,1.5873352265502478,92.06332386724876,3.6734756975418783,7,"{'趋势': '🟡 站上MA5 (+1)', 'K线': '✅ 强势阳线 (+2)', '量能': '❌ 缩量 量比0.94 (0)', '分时': '✅ 收盘高于开盘 (+1)', '盘口': '✅ 振幅适中3.7% (+1)', '尾盘': '✅ 收于高位92% (+2)'}"
600305,Jiangsu Hengshun Vin,8.140000343322754,8.0600004196167,8.15999984741211,8.010000228881836,0.9925548330164871,12525382.0,101956613.78024864,0.7189738218508039,8.122000122070313,8.107000160217286,8.071000099182129,63.63636363636363,0.8549156646351314,True,53.33341810459926,13.333036633902573,33.333545261498166,86.66696336609743,1.8610373538591802,7,"{'趋势': '✅ 多头排列 (+2)', 'K线': '✅ 强势阳线 (+2)', '量能': '❌ 缩量 量比0.72 (0)', '分时': '✅ 收盘高于开盘 (+1)', '盘口': '❌ 振幅1.9% (0)', '尾盘': '✅ 收于高位87% (+2)'}"
600329,Tianjin Pharmaceutic,43.86000061035156,42.970001220703125,43.95000076293945,42.75,2.0000014194222384,3553101.0,155839012.02864075,0.7064079178422236,43.69200057983399,44.23800086975098,45.2265007019043,46.09163090172885,-3.0214588136269396,True,74.16656865020202,7.500007947280918,18.333423402517063,92.49999205271908,2.7906994486964027,7,"{'趋势': '🟡 站上MA5 (+1)', 'K线': '✅ 强势阳线 (+2)', '量能': '❌ 缩量 量比0.71 (0)', '分时': '✅ 收盘高于开盘 (+1)', '盘口': '✅ 振幅适中2.8% (+1)', '尾盘': '✅ 收于高位92% (+2)'}"
600331,"Sichuan Hongda Co.,L",16.43000030517578,16.25,16.549999237060547,15.899999618530273,2.880400942113164,76182778.0,1251683065.7891388,0.6302117033394976,15.688000106811524,15.164999961853027,14.111999988555908,64.97064513516227,16.42573921839321,True,27.692370894429658,18.46138497067083,53.846244134899514,81.53861502932918,4.070129039836296,7,"{'趋势': '✅ 多头排列 (+2)', 'K线': '🟡 阳线 (+1)', '量能': '❌ 缩量 量比0.63 (0)', '分时': '✅ 收盘高于开盘 (+1)', '盘口': '✅ 振幅适中4.1% (+1)', '尾盘': '✅ 收于高位82% (+2)'}"
600380,Joincare Pharmaceuti,11.59000015258789,11.40999984741211,11.600000381469727,11.34000015258789,1.4886171204747862,12618430.0,146247605.62541962,0.7874864147932663,11.554000091552734,11.770000076293945,11.871500062942506,30.10751916322711,-2.3712244355145256,True,69.23082566115248,3.8462384917287165,26.922935847118808,96.15376150827129,2.2767095196571314,7,"{'趋势': '🟡 站上MA5 (+1)', 'K线': '✅ 强势阳线 (+2)', '量能': '❌ 缩量 量比0.79 (0)', '分时': '✅ 收盘高于开盘 (+1)', '盘口': '✅ 振幅适中2.3% (+1)', '尾盘': '✅ 收于高位96% (+2)'}"
600390,Minmetals Capital Co,5.78000020980835,5.679999828338623,5.78000020980835,5.650000095367432,1.4035158459685424,45180647.0,261144149.13927698,0.8478827116131901,5.746000003814697,5.83899998664856,5.866999983787537,43.54839205866021,-1.4828664431497562,True,76.92330264460992,0.0,23.07669735539009,100.0,2.280703838438865,7,"{'趋势': '🟡 站上MA5 (+1)', 'K线': '✅ 强势阳线 (+2)', '量能': '❌ 缩量 量比0.85 (0)', '分时': '✅ 收盘高于开盘 (+1)', '盘口': '✅ 振幅适中2.3% (+1)', '尾盘': '✅ 收于高位100% (+2)'}"
600403,Henan Dayou Energy C,7.360000133514404,6.690000057220459,7.360000133514404,6.659999847412109,10.014948737867648,118157668.0,869640452.2557507,1.3394963291464639,7.00600004196167,7.138000106811523,7.275000095367432,57.20164463698463,1.1683853887658215,True,95.71425749332258,0.0,4.28574250667742,100.0,10.463382363454402,7,"{'趋势': '🟡 站上MA5 (+1)', 'K线': '✅ 强势阳线 (+2)', '量能': '🟡 温和放量 量比1.34 (+1)', '分时': '✅ 收盘高于开盘 (+1)', '盘口': '❌ 振幅10.5% (0)', '尾盘': '✅ 收于高位100% (+2)'}"
600436,Zhangzhou Pientzehua,163.88999938964844,160.97000122070312,164.5,159.77999877929688,1.9850668960707432,3812107.0,624766213.9032745,0.6425957916214065,162.43799743652343,161.2759994506836,165.5125,64.52932649706447,-0.9802888666122204,True,61.86435198655158,12.923738402353473,25.211909611094946,87.07626159764654,2.937150784279934,7,"{'趋势': '🟡 站上MA5 (+1)', 'K线': '✅ 强势阳线 (+2)', '量能': '❌ 缩量 量比0.64 (0)', '分时': '✅ 收盘高于开盘 (+1)', '盘口': '✅ 振幅适中2.9% (+1)', '尾盘': '✅ 收于高位87% (+2)'}"
600461,Jiangxi Hongcheng En,9.869999885559082,9.600000381469727,9.869999885559082,9.5600004196167,2.8124947225056203,15655331.0,154518115.17838955,1.1453515075667688,9.660000038146972,9.680999946594238,9.548000049591064,62.74507970641859,3.3724322821071766,True,87.09676426976108,0.0,12.90323573023891,100.0,3.229160975251159,7,"{'趋势': '🟡 站上MA5 (+1)', 'K线': '✅ 强势阳线 (+2)', '量能': '❌ 缩量 量比1.15 (0)', '分时': '✅ 收盘高于开盘 (+1)', '盘口': '✅ 振幅适中3.2% (+1)', '尾盘': '✅ 收于高位100% (+2)'}"
600468,Tianjin Benefo Tejin,7.46999979019165,7.269999980926514,7.53000020980835,7.239999771118164,1.9099572707063774,44284580.0,330805803.30872536,1.2345112666410896,7.261999893188476,7.380999898910522,7.630000019073487,62.96296296296296,-2.0969885777440034,True,68.96534714514738,20.689768569901755,10.344884284950878,79.31023143009824,3.956349818671772,7,"{'趋势': '🟡 站上MA5 (+1)', 'K线': '✅ 强势阳线 (+2)', '量能': '🟡 温和放量 量比1.23 (+1)', '分时': '✅ 收盘高于开盘 (+1)', '盘口': '✅ 振幅适中4.0% (+1)', '尾盘': '🟡 收于中上79% (+1)'}"
600478,Hunan Corun New Ener,7.139999866485596,6.949999809265137,7.190000057220459,6.920000076293945,2.8818416083016385,43845949.0,313060070.00593424,1.0569466885845353,7.019999980926514,7.246999931335449,7.2684999942779545,41.176463988412294,-1.7679043529410337,True,70.37039653427665,18.51859046926078,11.111012996462573,81.48140953073923,3.890489606633396,7,"{'趋势': '🟡 站上MA5 (+1)', 'K线': '✅ 强势阳线 (+2)', '量能': '❌ 缩量 量比1.06 (0)', '分时': '✅ 收盘高于开盘 (+1)', '盘口': '✅ 振幅适中3.9% (+1)', '尾盘': '✅ 收于高位81% (+2)'}"
600476,Hunan Copote Science,14.15999984741211,13.949999809265137,14.239999771118164,13.6899995803833,-0.7708521851638488,17475214.0,247449027.57349396,1.605440671209483,15.603999900817872,16.291999912261964,16.523999834060668,7.6056442457459355,-14.306463388940982,True,38.18181187653563,14.545435629606896,47.272752493857475,85.4545643703931,3.854240876605107,7,"{'趋势': '❌ 均线空头 (0)', 'K线': '🟡 阳线 (+1)', '量能': '✅ 放量上涨 量比1.61 (+2)', '分时': '✅ 收盘高于开盘 (+1)', '盘口': '✅ 振幅适中3.9% (+1)', '尾盘': '✅ 收于高位85% (+2)'}"
600507,Fangda Special Steel,6.320000171661377,6.170000076293945,6.340000152587891,6.099999904632568,2.597407925529181,33164484.0,209599544.573061,0.5664192040894064,6.259999942779541,6.283999967575073,6.103999996185303,54.54545812800116,3.538666048674038,True,62.499975164757004,8.333316776504669,29.166708058738326,91.66668322349533,3.8961080178621965,7,"{'趋势': '🟡 站上MA5 (+1)', 'K线': '✅ 强势阳线 (+2)', '量能': '❌ 缩量 量比0.57 (0)', '分时': '✅ 收盘高于开盘 (+1)', '盘口': '✅ 振幅适中3.9% (+1)', '尾盘': '✅ 收于高位92% (+2)'}"
600516,FangDa Carbon New Ma,5.869999885559082,5.670000076293945,5.900000095367432,5.599999904632568,3.3450715310326555,93028118.0,546075042.0137768,1.0027805253025293,5.75,5.857000064849854,5.886500024795533,50.0,-0.2803047509886604,True,66.6665607029211,10.000063578247339,23.333375718831558,89.99993642175266,5.281693658476961,7,"{'趋势': '🟡 站上MA5 (+1)', 'K线': '✅ 强势阳线 (+2)', '量能': '❌ 缩量 量比1.00 (0)', '分时': '✅ 收盘高于开盘 (+1)', '盘口': '✅ 振幅适中5.3% (+1)', '尾盘': '✅ 收于高位90% (+2)'}"
600517,State Grid Yingda Co,6.889999866485596,6.800000190734863,6.909999847412109,6.760000228881836,1.0263884613241374,41025409.0,282665062.53251696,0.8797027178676835,6.778000068664551,6.837999963760376,6.69449999332428,54.54545454545455,2.9203058235307644,True,59.99993642155055,13.333354526149815,26.66670905229963,86.66664547385018,2.199407840978587,7,"{'趋势': '🟡 站上MA5 (+1)', 'K线': '✅ 强势阳线 (+2)', '量能': '❌ 缩量 量比0.88 (0)', '分时': '✅ 收盘高于开盘 (+1)', '盘口': '✅ 振幅适中2.2% (+1)', '尾盘': '✅ 收于高位87% (+2)'}"
600521,Zhejiang Huahai Phar,15.819999694824219,15.600000381469727,15.819999694824219,15.479999542236328,1.150890968991012,12678191.0,200568977.75092316,0.6868203564506028,15.708000183105469,16.22800006866455,16.85850009918213,29.696962691096147,-6.160099642602803,True,64.70565135926579,0.0,35.29434864073422,100.0,2.1739139713833078,7,"{'趋势': '🟡 站上MA5 (+1)', 'K线': '✅ 强势阳线 (+2)', '量能': '❌ 缩量 量比0.69 (0)', '分时': '✅ 收盘高于开盘 (+1)', '盘口': '✅ 振幅适中2.2% (+1)', '尾盘': '✅ 收于高位100% (+2)'}"
600528,China Railway Hi-tec,8.380000114440918,8.229999542236328,8.390000343322754,8.1899995803833,1.946470099932767,16789458.0,140695659.961401,0.9309256073498722,8.307999992370606,8.41599998474121,8.41100001335144,48.86366468815395,-0.3685637719809046,True,75.0,5.0000953670678445,19.999904632932157,94.99990463293216,2.4330992267929106,7,"{'趋势': '🟡 站上MA5 (+1)', 'K线': '✅ 强势阳线 (+2)', '量能': '❌ 缩量 量比0.93 (0)', '分时': '✅ 收盘高于开盘 (+1)', '盘口': '✅ 振幅适中2.4% (+1)', '尾盘': '✅ 收于高位95% (+2)'}"
600582,Tiandi Science & Tec,6.039999961853027,5.920000076293945,6.039999961853027,5.889999866485596,2.1996635837113065,49526694.0,299141229.87070656,1.1782396820530299,5.977999973297119,5.999000024795532,5.952999997138977,56.24999379118308,1.4614474173670893,True,79.99987284350533,0.0,20.000127156494678,100.0,2.5380727451814433,7,"{'趋势': '🟡 站上MA5 (+1)', 'K线': '✅ 强势阳线 (+2)', '量能': '❌ 缩量 量比1.18 (0)', '分时': '✅ 收盘高于开盘 (+1)', '盘口': '✅ 振幅适中2.5% (+1)', '尾盘': '✅ 收于高位100% (+2)'}"
600616,Shanghai Jinfeng Win,5.730000019073486,5.590000152587891,5.78000020980835,5.559999942779541,2.139035342302348,23175281.0,132794360.5720334,0.7381366648544344,5.703999996185303,5.675,5.588999962806701,55.319148936170215,2.5228136912704002,True,63.63622570842744,22.727331839245384,13.63644245232718,77.27266816075462,3.9215732939918606,7,"{'趋势': '✅ 多头排列 (+2)', 'K线': '✅ 强势阳线 (+2)', '量能': '❌ 缩量 量比0.74 (0)', '分时': '✅ 收盘高于开盘 (+1)', '盘口': '✅ 振幅适中3.9% (+1)', '尾盘': '🟡 收于中上77% (+1)'}"
600628,Shanghai New World C,8.109999656677246,7.960000038146973,8.140000343322754,7.940000057220459,1.5018759574042966,16361201.0,132689334.49282742,1.0699784795774936,7.969999885559082,8.050999975204467,8.193000006675721,72.22228109121927,-1.0130642003032526,True,74.99970197720245,15.000321864621355,9.999976158176196,84.99967813537864,2.503132563598381,7,"{'趋势': '🟡 站上MA5 (+1)', 'K线': '✅ 强势阳线 (+2)', '量能': '❌ 缩量 量比1.07 (0)', '分时': '✅ 收盘高于开盘 (+1)', '盘口': '✅ 振幅适中2.5% (+1)', '尾盘': '✅ 收于高位85% (+2)'}"
600639,Shanghai Jinqiao Exp,10.699999809265137,10.470000267028809,10.710000038146973,10.420000076293945,2.1967481983799195,9622293.0,102958533.26469326,1.0345682798035993,10.58400001525879,10.622000026702882,10.565499973297118,58.33331125751791,1.2730096664421802,True,79.31019741060946,3.448355240441058,17.241447348949478,96.55164475955894,2.7698180941434107,7,"{'趋势': '🟡 站上MA5 (+1)', 'K线': '✅ 强势阳线 (+2)', '量能': '❌ 缩量 量比1.03 (0)', '分时': '✅ 收盘高于开盘 (+1)', '盘口': '✅ 振幅适中2.8% (+1)', '尾盘': '✅ 收于高位97% (+2)'}"
600644,Leshan Electric Powe,11.239999771118164,11.0,11.3100004196167,10.949999809265137,1.7194531864588605,20582419.0,231346384.84905815,0.8299278235554044,11.15,11.18100004196167,11.127000045776366,58.99997615811935,1.0155452941216665,True,66.6664900606112,19.444591616157332,13.888918323231467,80.55540838384266,3.2579240193444847,7,"{'趋势': '🟡 站上MA5 (+1)', 'K线': '✅ 强势阳线 (+2)', '量能': '❌ 缩量 量比0.83 (0)', '分时': '✅ 收盘高于开盘 (+1)', '盘口': '✅ 振幅适中3.3% (+1)', '尾盘': '✅ 收于高位81% (+2)'}"
600649,Shanghai Chengtou Ho,5.550000190734863,5.150000095367432,5.650000095367432,5.090000152587891,6.93641868102801,144333765.0,801052423.2794809,1.1538349004536181,5.356000137329102,5.2510000705719,5.0160000085830685,69.42675372031651,10.645936627552766,True,71.42859575700035,17.85712765187478,10.714276591124868,82.14287234812522,10.789979510702604,7,"{'趋势': '✅ 多头排列 (+2)', 'K线': '✅ 强势阳线 (+2)', '量能': '❌ 缩量 量比1.15 (0)', '分时': '✅ 收盘高于开盘 (+1)', '盘口': '❌ 振幅10.8% (0)', '尾盘': '✅ 收于高位82% (+2)'}"
600663,Shanghai Lujiazui Fi,8.1899995803833,8.010000228881836,8.220000267028809,7.980000019073486,1.8656669059946378,15341654.0,125648139.82238579,0.7528332011502717,8.18199987411499,8.209000062942504,8.20399992465973,55.39566839860284,-0.170652662176976,True,74.99965230659804,12.500273187672978,12.500074505728994,87.49972681232703,2.985077725050237,7,"{'趋势': '🟡 站上MA5 (+1)', 'K线': '✅ 强势阳线 (+2)', '量能': '❌ 缩量 量比0.75 (0)', '分时': '✅ 收盘高于开盘 (+1)', '盘口': '✅ 振幅适中3.0% (+1)', '尾盘': '✅ 收于高位87% (+2)'}"
600678,Sichuan Golden Summi,13.550000190734863,13.100000381469727,13.649999618530273,13.029999732971191,2.8853463343931165,68033209.0,921849994.9263048,0.9998977574504905,13.15,12.825999927520751,13.085499906539917,76.03306175947388,3.5497328150435914,True,72.58062779468926,16.12894294411621,11.290429261194523,83.8710570558838,4.707668048347884,7,"{'趋势': '🟡 站上MA5 (+1)', 'K线': '✅ 强势阳线 (+2)', '量能': '❌ 缩量 量比1.00 (0)', '分时': '✅ 收盘高于开盘 (+1)', '盘口': '✅ 振幅适中4.7% (+1)', '尾盘': '✅ 收于高位84% (+2)'}"
600693,Fujian Dongbai (Grou,15.90999984741211,15.210000038146973,16.200000762939453,14.960000038146973,4.6710529411598625,125051492.0,1989569218.6386566,1.551030920556839,15.038000106811523,14.857999992370605,16.00750002861023,79.34273456591683,-0.6090906201709155,True,56.45156452487436,23.387156937015234,20.16127853811042,76.61284306298477,8.157899607581836,7,"{'趋势': '🟡 站上MA5 (+1)', 'K线': '✅ 强势阳线 (+2)', '量能': '✅ 放量上涨 量比1.55 (+2)', '分时': '✅ 收盘高于开盘 (+1)', '盘口': '❌ 振幅8.2% (0)', '尾盘': '🟡 收于中上77% (+1)'}"
600690,Haier Smart Home Co.,26.040000915527344,25.270000457763672,26.049999237060547,25.219999313354492,3.3333338379229036,74080608.0,1929059100.1428223,1.1859126755949982,25.362000274658204,25.461000061035158,25.727000045776368,62.272743824093965,1.216624049419091,True,92.77114801716154,1.2046171629220583,6.024234819916399,98.79538283707794,3.2936503911805417,7,"{'趋势': '🟡 站上MA5 (+1)', 'K线': '✅ 强势阳线 (+2)', '量能': '❌ 缩量 量比1.19 (0)', '分时': '✅ 收盘高于开盘 (+1)', '盘口': '✅ 振幅适中3.3% (+1)', '尾盘': '✅ 收于高位99% (+2)'}"
600694,"Dashang Co., Ltd.",18.290000915527344,18.030000686645508,18.290000915527344,17.90999984741211,1.4420422572385887,5504591.0,100678974.42960358,0.6902548040789679,18.11200065612793,18.47700023651123,18.836500072479247,42.14881113766339,-2.9012775985404864,True,68.42092054409477,0.0,31.579079455905234,100.0,2.107604290867799,7,"{'趋势': '🟡 站上MA5 (+1)', 'K线': '✅ 强势阳线 (+2)', '量能': '❌ 缩量 量比0.69 (0)', '分时': '✅ 收盘高于开盘 (+1)', '盘口': '✅ 振幅适中2.1% (+1)', '尾盘': '✅ 收于高位100% (+2)'}"
600697,Chang Chun Eurasia G,14.069999694824219,13.710000038146973,14.199999809265137,13.649999618530273,3.0014630453292717,10372169.0,145936414.66466522,1.264383129444514,13.744000053405761,13.769999980926514,13.800500011444091,81.44333444431663,1.9528255002111818,True,65.45446033323104,23.636376246928737,10.909163419840233,76.36362375307127,4.026355760458233,7,"{'趋势': '🟡 站上MA5 (+1)', 'K线': '✅ 强势阳线 (+2)', '量能': '🟡 温和放量 量比1.26 (+1)', '分时': '✅ 收盘高于开盘 (+1)', '盘口': '✅ 振幅适中4.0% (+1)', '尾盘': '🟡 收于中上76% (+1)'}"
600699,Ningbo Joyson Electr,28.540000915527344,28.0,28.559999465942383,27.829999923706055,1.3854397949630681,23492345.0,670471547.8078842,0.7341975410294045,28.011999893188477,29.038000106811523,29.842500114440917,31.971169717199132,-4.364578014304129,True,73.972774540799,2.73952917200115,23.287696287199854,97.26047082799884,2.5932488530329927,7,"{'趋势': '🟡 站上MA5 (+1)', 'K线': '✅ 强势阳线 (+2)', '量能': '❌ 缩量 量比0.73 (0)', '分时': '✅ 收盘高于开盘 (+1)', '盘口': '✅ 振幅适中2.6% (+1)', '尾盘': '✅ 收于高位97% (+2)'}"
600729,Chongqing Department,24.479999542236328,24.100000381469727,24.489999771118164,23.90999984741211,1.6611279891927473,6165731.0,150937092.05755234,0.8611045137392105,24.28400001525879,24.432999992370604,25.625241661071776,57.94869337016305,-4.469195389385249,True,65.51710530210104,1.724177620220529,32.758717077678426,98.27582237977947,2.4086375645502462,7,"{'趋势': '🟡 站上MA5 (+1)', 'K线': '✅ 强势阳线 (+2)', '量能': '❌ 缩量 量比0.86 (0)', '分时': '✅ 收盘高于开盘 (+1)', '盘口': '✅ 振幅适中2.4% (+1)', '尾盘': '✅ 收于高位98% (+2)'}"
600727,Shan Dong Lu Bei Che,7.460000038146973,7.329999923706055,7.46999979019165,7.239999771118164,2.4725250432837784,14039551.0,104735050.99556637,0.8049563388956219,7.394000053405762,7.4229999542236325,7.267500042915344,52.631589514398975,2.6487787285159397,True,56.52178420010573,4.3477179197462394,39.13049788014803,95.65228208025376,3.1593408302874373,7,"{'趋势': '🟡 站上MA5 (+1)', 'K线': '✅ 强势阳线 (+2)', '量能': '❌ 缩量 量比0.80 (0)', '分时': '✅ 收盘高于开盘 (+1)', '盘口': '✅ 振幅适中3.2% (+1)', '尾盘': '✅ 收于高位96% (+2)'}"
600744,DaTang HuaYin Electr,6.510000228881836,6.400000095367432,6.519999980926514,6.389999866485596,0.9302390913331703,39838829.0,259350785.90838432,0.668270777268257,6.45,6.525999927520752,6.494999980926513,52.38100644411243,0.23095070052922204,True,84.61541283057625,7.692110185966328,7.692476983457433,92.30788981403367,2.0155057098479072,7,"{'趋势': '🟡 站上MA5 (+1)', 'K线': '✅ 强势阳线 (+2)', '量能': '❌ 缩量 量比0.67 (0)', '分时': '✅ 收盘高于开盘 (+1)', '盘口': '✅ 振幅适中2.0% (+1)', '尾盘': '✅ 收于高位92% (+2)'}"
600741,HUAYU Automotive Sys,18.959999084472656,18.709999084472656,18.979999542236328,18.540000915527344,1.0660919677544214,13536735.0,256656483.20674896,0.5732062187702462,18.873999786376952,19.48799991607666,19.901999950408936,32.352917605649594,-4.733197006750689,True,56.818359154868524,4.545572769912348,38.63606807521913,95.45442723008765,2.3454084293218043,7,"{'趋势': '🟡 站上MA5 (+1)', 'K线': '✅ 强势阳线 (+2)', '量能': '❌ 缩量 量比0.57 (0)', '分时': '✅ 收盘高于开盘 (+1)', '盘口': '✅ 振幅适中2.3% (+1)', '尾盘': '✅ 收于高位95% (+2)'}"
600791,"BEH-Property Co.,Ltd",6.510000228881836,6.070000171661377,6.539999961853027,5.960000038146973,7.603306175947388,23917154.0,155700678.01420212,1.063447793911165,6.1940000534057615,6.056999969482422,5.505999994277954,61.344551957595975,18.234657385529914,True,75.86208881011027,5.1723684340336815,18.965542755856056,94.82763156596631,9.586775296210446,7,"{'趋势': '✅ 多头排列 (+2)', 'K线': '✅ 强势阳线 (+2)', '量能': '❌ 缩量 量比1.06 (0)', '分时': '✅ 收盘高于开盘 (+1)', '盘口': '❌ 振幅9.6% (0)', '尾盘': '✅ 收于高位95% (+2)'}"
600803,股票600803,19.600000381469727,19.229999542236328,19.6299991607666,19.18000030517578,2.1365285878156106,8240735.0,161518409.14359093,0.7955199808783321,19.386000061035155,19.521000099182128,19.686999988555907,62.49997707519885,-0.44191398962134393,True,82.22261782146325,6.666412352868871,11.110969825667892,93.33358764713114,2.3449653104083086,7,"{'趋势': '🟡 站上MA5 (+1)', 'K线': '✅ 强势阳线 (+2)', '量能': '❌ 缩量 量比0.80 (0)', '分时': '✅ 收盘高于开盘 (+1)', '盘口': '✅ 振幅适中2.3% (+1)', '尾盘': '✅ 收于高位93% (+2)'}"
600958,股票600958,10.279999732971191,10.140000343322754,10.319999694824219,10.09000015258789,1.2807893529728238,71650201.0,736564047.1473322,0.7659590875128156,10.243999862670899,10.330000019073486,10.538000011444092,41.53840962243278,-2.4482850464292727,True,60.869420994145266,17.391322375731843,21.7392566301229,82.60867762426815,2.266005427393624,7,"{'趋势': '🟡 站上MA5 (+1)', 'K线': '✅ 强势阳线 (+2)', '量能': '❌ 缩量 量比0.77 (0)', '分时': '✅ 收盘高于开盘 (+1)', '盘口': '✅ 振幅适中2.3% (+1)', '尾盘': '✅ 收于高位83% (+2)'}"
600987,股票600987,7.460000038146973,7.389999866485596,7.480000019073486,7.349999904632568,1.4966004753969215,16279120.0,121442235.82099915,0.551582404014696,7.5180000305175785,7.478000020980835,7.231499981880188,55.414012932304345,3.1597878287952996,True,53.84623849172871,15.38458716942376,30.76917433884752,84.61541283057625,1.7687090629617739,7,"{'趋势': '✅ 多头排列 (+2)', 'K线': '✅ 强势阳线 (+2)', '量能': '❌ 缩量 量比0.55 (0)', '分时': '✅ 收盘高于开盘 (+1)', '盘口': '❌ 振幅1.8% (0)', '尾盘': '✅ 收于高位85% (+2)'}"
603939,股票603939,24.760000228881836,23.5,24.799999237060547,23.3799991607666,4.959728989936411,18065838.0,447310153.01494217,1.1581368433070904,23.87599983215332,23.92899971008301,23.112499713897705,62.38245001434995,7.128179709585794,True,88.73240571721006,2.8168314105379664,8.450762872251975,97.18316858946203,6.019500072526143,7,"{'趋势': '🟡 站上MA5 (+1)', 'K线': '✅ 强势阳线 (+2)', '量能': '❌ 缩量 量比1.16 (0)', '分时': '✅ 收盘高于开盘 (+1)', '盘口': '✅ 振幅适中6.0% (+1)', '尾盘': '✅ 收于高位97% (+2)'}"
603926,股票603926,26.899999618530273,26.489999771118164,26.969999313354492,25.059999465942383,3.581056333326699,11370789.0,305874219.7623882,1.1028684072686263,25.87799987792969,25.454999923706055,22.476500034332275,65.40082877085507,19.680553366588285,True,21.465962312385784,3.6649057809644594,74.86913190664976,96.33509421903554,7.35463957609708,7,"{'趋势': '✅ 多头排列 (+2)', 'K线': '🟡 阳线 (+1)', '量能': '❌ 缩量 量比1.10 (0)', '分时': '✅ 收盘高于开盘 (+1)', '盘口': '✅ 振幅适中7.4% (+1)', '尾盘': '✅ 收于高位96% (+2)'}"
688612,股票688612,30.670000076293945,29.799999237060547,30.959999084472656,29.479999542236328,2.5752523999581274,4205454.0,128981274.50085068,0.9961455107017115,30.54199981689453,31.997999954223634,33.15850009918213,23.060793208722615,-7.504863053047331,True,58.783858670577594,19.59453364022754,21.621607689194867,80.40546635977246,4.949831308088415,7,"{'趋势': '🟡 站上MA5 (+1)', 'K线': '✅ 强势阳线 (+2)', '量能': '❌ 缩量 量比1.00 (0)', '分时': '✅ 收盘高于开盘 (+1)', '盘口': '✅ 振幅适中4.9% (+1)', '尾盘': '✅ 收于高位80% (+2)'}"
688799,股票688799,48.040000915527344,46.47999954223633,48.099998474121094,46.029998779296875,3.9826842471913877,3610197.0,173433867.18523407,1.1686388502205274,47.25999984741211,48.43199996948242,48.34000015258789,50.95949018060848,-0.620602474376464,True,75.3623962936617,2.8984332096167242,21.73917049672157,97.10156679038327,4.480518745975267,7,"{'趋势': '🟡 站上MA5 (+1)', 'K线': '✅ 强势阳线 (+2)', '量能': '❌ 缩量 量比1.17 (0)', '分时': '✅ 收盘高于开盘 (+1)', '盘口': '✅ 振幅适中4.5% (+1)', '尾盘': '✅ 收于高位97% (+2)'}"
000603,股票000603,50.9900016784668,49.0,52.0,49.09000015258789,3.0934141170950116,58022824.0,2958583893.1493835,1.230401158646434,56.83800048828125,56.760000228881836,48.045999908447264,30.818569553805773,6.127464878719133,True,68.38494099016962,34.7078479207277,-3.092788910897319,65.2921520792723,5.883542056768188,7,"{'趋势': '✅ 多头排列 (+2)', 'K线': '🟡 阳线 (+1)', '量能': '🟡 温和放量 量比1.23 (+1)', '分时': '✅ 收盘高于开盘 (+1)', '盘口': '✅ 振幅适中5.9% (+1)', '尾盘': '🟡 收于中上65% (+1)'}"
300347,股票300347,64.94000244140625,60.22999954223633,65.58999633789062,61.91999816894531,2.753167179528162,16977256.0,1102503046.088379,0.9693327431438057,62.05400009155274,60.528999710083006,60.78199977874756,71.15637951673153,6.840845444036435,True,128.33801768689946,17.711014190265136,-46.04903187716461,82.28898580973485,5.806959057977422,7,"{'趋势': '🟡 站上MA5 (+1)', 'K线': '✅ 强势阳线 (+2)', '量能': '❌ 缩量 量比0.97 (0)', '分时': '✅ 收盘高于开盘 (+1)', '盘口': '✅ 振幅适中5.8% (+1)', '尾盘': '✅ 收于高位82% (+2)'}"
300881,股票300881,41.88999938964844,39.84000015258789,42.2599983215332,40.209999084472656,3.4320972583912033,2894017.0,121230370.3636322,1.1938392481381537,40.41999969482422,40.61599998474121,38.6625,61.224453253697135,8.347880736239084,True,100.0,18.048735101740807,-18.048735101740807,81.9512648982592,5.061726511260609,7,"{'趋势': '🟡 站上MA5 (+1)', 'K线': '✅ 强势阳线 (+2)', '量能': '❌ 缩量 量比1.19 (0)', '分时': '✅ 收盘高于开盘 (+1)', '盘口': '✅ 振幅适中5.1% (+1)', '尾盘': '✅ 收于高位82% (+2)'}"
300932,股票300932,14.140000343322754,13.90999984741211,14.300000190734863,13.579999923706055,2.612486337646253,21842022.0,308846198.57886314,1.5782401011922427,13.572000122070312,13.61200008392334,13.331500005722045,70.92199349066482,6.064586410034057,True,31.944501473558727,22.222192787840658,45.833305738600615,77.77780721215935,5.2249657545789,7,"{'趋势': '🟡 站上MA5 (+1)', 'K线': '🟡 阳线 (+1)', '量能': '✅ 放量上涨 量比1.58 (+2)', '分时': '✅ 收盘高于开盘 (+1)', '盘口': '✅ 振幅适中5.2% (+1)', '尾盘': '🟡 收于中上78% (+1)'}"
600000,Shanghai Pudong Deve,10.130000114440918,10.0,10.149999618530273,9.979999542236328,1.0978009146897438,67248961.0,681231982.6260328,0.6189034468722331,10.080000114440917,10.214000129699707,10.73899998664856,43.396239995393564,-5.670917897055509,True,76.4706212343906,11.764408890484578,11.764969875124818,88.23559110951543,1.696607470334258,6,"{'趋势': '🟡 站上MA5 (+1)', 'K线': '✅ 强势阳线 (+2)', '量能': '❌ 缩量 量比0.62 (0)', '分时': '✅ 收盘高于开盘 (+1)', '盘口': '❌ 振幅1.7% (0)', '尾盘': '✅ 收于高位88% (+2)'}"
600025,Huaneng Lancang Rive,9.119999885559082,8.979999542236328,9.140000343322754,8.970000267028809,1.5590239472093448,26020000.0,237302397.0222473,0.9267862049903626,9.052000045776367,9.063000106811524,9.13250002861023,60.9756324491296,-0.1368753683217821,True,82.35310617195302,11.764969875124818,5.881923952922169,88.23503012487518,1.8930967144749928,6,"{'趋势': '🟡 站上MA5 (+1)', 'K线': '✅ 强势阳线 (+2)', '量能': '❌ 缩量 量比0.93 (0)', '分时': '✅ 收盘高于开盘 (+1)', '盘口': '❌ 振幅1.9% (0)', '尾盘': '✅ 收于高位88% (+2)'}"
600015,"Hua Xia Bank Co., Li",6.480000019073486,6.420000076293945,6.489999771118164,6.400000095367432,0.9345785368615916,55943991.0,362517062.74704695,0.6979874982513816,6.423999977111817,6.384000015258789,6.450602436065674,69.23083506645784,0.45573391476505565,True,66.66684327365783,11.110875635122893,22.222281091219276,88.8891243648771,1.4018640916073988,6,"{'趋势': '🟡 站上MA5 (+1)', 'K线': '✅ 强势阳线 (+2)', '量能': '❌ 缩量 量比0.70 (0)', '分时': '✅ 收盘高于开盘 (+1)', '盘口': '❌ 振幅1.4% (0)', '尾盘': '✅ 收于高位89% (+2)'}"
600011,Huaneng Power Intern,6.960000038146973,6.840000152587891,6.960000038146973,6.829999923706055,1.605841387530715,64645069.0,449929682.7060137,0.833124093475091,6.957999992370605,7.121999979019165,7.273499989509583,23.913070520063442,-4.310166382274897,True,92.30752301654258,0.0,7.692476983457433,100.0,1.8978119160702547,6,"{'趋势': '🟡 站上MA5 (+1)', 'K线': '✅ 强势阳线 (+2)', '量能': '❌ 缩量 量比0.83 (0)', '分时': '✅ 收盘高于开盘 (+1)', '盘口': '❌ 振幅1.9% (0)', '尾盘': '✅ 收于高位100% (+2)'}"
600030,CITIC Securities Com,28.3799991607666,27.850000381469727,28.389999389648438,27.84000015258789,1.4658557650244624,157219253.0,4461882268.196352,0.8189907722024071,28.16999969482422,28.040999984741212,28.167000007629394,63.541655283813036,0.7562010618081947,True,96.36354808952761,1.8182259552361995,1.8182259552361995,98.1817740447638,1.9663898840281542,6,"{'趋势': '🟡 站上MA5 (+1)', 'K线': '✅ 强势阳线 (+2)', '量能': '❌ 缩量 量比0.82 (0)', '分时': '✅ 收盘高于开盘 (+1)', '盘口': '❌ 振幅2.0% (0)', '尾盘': '✅ 收于高位98% (+2)'}"
600032,Zhejiang Provincial ,8.079999923706055,7.909999847412109,8.170000076293945,7.880000114440918,2.149179261356923,15107773.0,122070804.6873684,1.2594799213475152,7.915999984741211,7.971999979019165,7.879999995231628,57.14282933892823,2.538070159840747,True,58.62072367447474,31.0345394574579,10.344736868067363,68.9654605425421,3.666244847626713,6,"{'趋势': '🟡 站上MA5 (+1)', 'K线': '🟡 阳线 (+1)', '量能': '🟡 温和放量 量比1.26 (+1)', '分时': '✅ 收盘高于开盘 (+1)', '盘口': '✅ 振幅适中3.7% (+1)', '尾盘': '🟡 收于中上69% (+1)'}"
600038,Avicopter Plc,37.90999984741211,36.81999969482422,38.63999938964844,36.77000045776367,2.598103016646017,15094968.0,572250234.5766907,1.3804727125372338,36.99599914550781,37.63999938964844,37.684499740600586,43.27732035268303,0.5983895457382807,True,58.288811506928674,39.037430973319545,2.6737575197517796,60.962569026680455,5.060890103581159,6,"{'趋势': '🟡 站上MA5 (+1)', 'K线': '🟡 阳线 (+1)', '量能': '🟡 温和放量 量比1.38 (+1)', '分时': '✅ 收盘高于开盘 (+1)', '盘口': '✅ 振幅适中5.1% (+1)', '尾盘': '🟡 收于中上61% (+1)'}"
600036,China Merchants Bank,39.0099983215332,38.29999923706055,39.02000045776367,38.2599983215332,1.8537835473000062,102131628.0,3984154636.8554535,0.7390226794246609,38.59199905395508,38.22299919128418,38.77922763824463,70.22225311661295,0.5950883948523676,True,93.42066957787482,1.316066857400994,5.2632635647241885,98.683933142599,1.9843398208088252,6,"{'趋势': '🟡 站上MA5 (+1)', 'K线': '✅ 强势阳线 (+2)', '量能': '❌ 缩量 量比0.74 (0)', '分时': '✅ 收盘高于开盘 (+1)', '盘口': '❌ 振幅2.0% (0)', '尾盘': '✅ 收于高位99% (+2)'}"
600054,Huangshan Tourism De,13.550000190734863,13.199999809265137,13.739999771118164,13.140000343322754,2.187028332181876,21720109.0,294307481.092782,0.7838780070782674,12.998000144958496,12.432000160217285,12.032131147384643,100.0,12.61513047653367,True,58.33345254273657,31.66662693019892,9.999920527064509,68.33337306980108,4.524882484455325,6,"{'趋势': '✅ 多头排列 (+2)', 'K线': '🟡 阳线 (+1)', '量能': '❌ 缩量 量比0.78 (0)', '分时': '✅ 收盘高于开盘 (+1)', '盘口': '✅ 振幅适中4.5% (+1)', '尾盘': '🟡 收于中上68% (+1)'}"
600056,China Meheco Group C,10.869999885559082,10.720000267028809,10.880000114440918,10.699999809265137,0.8348808424606956,13835808.0,150395231.37661743,0.7020220484256617,10.841999816894532,10.891999912261962,10.78499994277954,45.6310634665205,0.7881311379741645,True,83.3329801212224,5.555673292925868,11.111346585851736,94.44432670707414,1.6697616849213912,6,"{'趋势': '🟡 站上MA5 (+1)', 'K线': '✅ 强势阳线 (+2)', '量能': '❌ 缩量 量比0.70 (0)', '分时': '✅ 收盘高于开盘 (+1)', '盘口': '❌ 振幅1.7% (0)', '尾盘': '✅ 收于高位94% (+2)'}"
600057,"Xiamen Xiangyu Co., ",8.0,7.730000019073486,8.069999694824219,7.679999828338623,3.225806451612903,31112933.0,248903464.0,0.8271139263640682,8.051999950408936,8.17999987602234,8.283499932289123,44.805199630667936,-3.4224655593228057,True,69.23078804091998,17.948645843140085,12.820566115939938,82.05135415685992,5.032256341749622,6,"{'趋势': '❌ 均线空头 (0)', 'K线': '✅ 强势阳线 (+2)', '量能': '❌ 缩量 量比0.83 (0)', '分时': '✅ 收盘高于开盘 (+1)', '盘口': '✅ 振幅适中5.0% (+1)', '尾盘': '✅ 收于高位82% (+2)'}"
600062,China Resources Doub,18.65999984741211,18.549999237060547,18.670000076293945,18.469999313354492,0.4305700970643358,5947588.0,110981991.1724701,0.6737971457298966,18.658000183105468,18.729000282287597,18.68050012588501,43.809468448797645,-0.10974159329115171,True,55.00009536706785,5.0000953670678445,39.999809265864315,94.99990463293216,1.0764303754612718,6,"{'趋势': '🟡 站上MA5 (+1)', 'K线': '✅ 强势阳线 (+2)', '量能': '❌ 缩量 量比0.67 (0)', '分时': '✅ 收盘高于开盘 (+1)', '盘口': '❌ 振幅1.1% (0)', '尾盘': '✅ 收于高位95% (+2)'}"
600060,Hisense Visual Techn,24.100000381469727,23.5,24.1299991607666,23.34000015258789,2.4224380713585063,13288476.0,320252276.6691513,1.0071384519902749,24.18000030517578,24.294000244140626,24.16100025177002,43.23310184604242,-0.2524724542222715,True,75.94951072824594,3.7973186024670014,20.25317066928706,96.202681397533,3.3574117514882875,6,"{'趋势': '❌ 均线空头 (0)', 'K线': '✅ 强势阳线 (+2)', '量能': '❌ 缩量 量比1.01 (0)', '分时': '✅ 收盘高于开盘 (+1)', '盘口': '✅ 振幅适中3.4% (+1)', '尾盘': '✅ 收于高位96% (+2)'}"
600085,Beijing Tongrentang ,30.739999771118164,30.200000762939453,30.760000228881836,30.170000076293945,1.9230766798422974,10996756.0,338040276.9230423,0.9748721547852969,30.445999908447266,30.399999809265136,31.06299982070923,65.00001733955708,-1.0398224622714214,True,91.52523195293053,3.389907218827789,5.084860828241684,96.61009278117221,1.956233937575818,6,"{'趋势': '🟡 站上MA5 (+1)', 'K线': '✅ 强势阳线 (+2)', '量能': '❌ 缩量 量比0.97 (0)', '分时': '✅ 收盘高于开盘 (+1)', '盘口': '❌ 振幅2.0% (0)', '尾盘': '✅ 收于高位97% (+2)'}"
600104,SAIC Motor Corporati,14.430000305175781,14.210000038146973,14.4399995803833,14.1899995803833,1.192146378438561,65650910.0,947342651.3350677,0.8632737935492548,14.250000190734863,14.42200002670288,14.824499940872192,52.380961031057986,-2.66113283598017,True,88.00010681152344,3.9997100830078125,8.00018310546875,96.00028991699219,1.7531556520851694,6,"{'趋势': '🟡 站上MA5 (+1)', 'K线': '✅ 强势阳线 (+2)', '量能': '❌ 缩量 量比0.86 (0)', '分时': '✅ 收盘高于开盘 (+1)', '盘口': '❌ 振幅1.8% (0)', '尾盘': '✅ 收于高位96% (+2)'}"
600125,China Railway Tielon,6.46999979019165,6.320000171661377,6.480000019073486,6.320000171661377,2.211688280773775,20430621.0,132186113.58348513,0.9154144822395631,6.471999931335449,6.519999933242798,6.454499959945679,48.07692484037417,0.24013990769475702,True,93.74985098824595,6.250149011754047,0.0,93.74985098824595,2.5276437494557427,6,"{'趋势': '❌ 均线空头 (0)', 'K线': '✅ 强势阳线 (+2)', '量能': '❌ 缩量 量比0.92 (0)', '分时': '✅ 收盘高于开盘 (+1)', '盘口': '✅ 振幅适中2.5% (+1)', '尾盘': '✅ 收于高位94% (+2)'}"
600132,Chongqing Brewery Co,54.400001525878906,53.939998626708984,54.66999816894531,53.349998474121094,1.2658233241322345,4183355.0,227574518.38329315,0.6515956945562406,53.74600067138672,53.359000778198244,52.81100063323974,58.73452804536918,3.0088445088825506,True,34.8487125393752,20.454295870300264,44.69699159032454,79.54570412969973,2.4571847818862387,6,"{'趋势': '✅ 多头排列 (+2)', 'K线': '🟡 阳线 (+1)', '量能': '❌ 缩量 量比0.65 (0)', '分时': '✅ 收盘高于开盘 (+1)', '盘口': '✅ 振幅适中2.5% (+1)', '尾盘': '🟡 收于中上80% (+1)'}"
600151,Shanghai Aerospace A,16.3700008392334,15.600000381469727,16.670000076293945,15.600000381469727,3.9365132649739585,153017995.0,2504904706.567812,1.4626258376524532,15.460000228881835,15.609000205993652,17.280000114440917,79.27463444137425,-5.266199474426107,True,71.96268012863021,28.0373198713698,0.0,71.96268012863021,6.7936488560267865,6,"{'趋势': '🟡 站上MA5 (+1)', 'K线': '🟡 阳线 (+1)', '量能': '🟡 温和放量 量比1.46 (+1)', '分时': '✅ 收盘高于开盘 (+1)', '盘口': '✅ 振幅适中6.8% (+1)', '尾盘': '🟡 收于中上72% (+1)'}"
600149,Langfang Development,5.949999809265137,5.920000076293945,6.380000114440918,5.800000190734863,0.5067522396042251,81968671.0,487713576.81571674,3.180978276620245,5.576000022888183,5.494000005722046,5.380499982833863,88.31166820555026,10.584514975341074,True,5.1723684340336815,74.13799340320368,20.68963816276263,25.86200659679631,9.797295882285662,6,"{'趋势': '✅ 多头排列 (+2)', 'K线': '🟡 阳线 (+1)', '量能': '✅ 放量上涨 量比3.18 (+2)', '分时': '✅ 收盘高于开盘 (+1)', '盘口': '❌ 振幅9.8% (0)', '尾盘': '❌ 收于低位26% (0)'}"
600177,"Youngor Fashion Co.,",7.309999942779541,7.210000038146973,7.329999923706055,7.190000057220459,1.386961221962339,23026870.0,168326418.38239193,0.9650817398295268,7.301999950408936,7.344999980926514,7.373500013351441,48.0,-0.8611930624115832,True,71.42857142857143,14.285714285714285,14.285714285714285,85.71428571428571,1.9417457107472744,6,"{'趋势': '🟡 站上MA5 (+1)', 'K线': '✅ 强势阳线 (+2)', '量能': '❌ 缩量 量比0.97 (0)', '分时': '✅ 收盘高于开盘 (+1)', '盘口': '❌ 振幅1.9% (0)', '尾盘': '✅ 收于高位86% (+2)'}"
600179,"Antong Holdings Co.,",5.099999904632568,5.039999961853027,5.119999885559082,5.0,0.7905130890387859,65647641.0,334802962.8393531,0.7126078985201899,5.05600004196167,5.08700008392334,5.105000042915345,48.64861730068845,-0.0979459008960316,True,50.0,16.666666666666664,33.33333333333333,83.33333333333334,2.3715392671163573,6,"{'趋势': '🟡 站上MA5 (+1)', 'K线': '🟡 阳线 (+1)', '量能': '❌ 缩量 量比0.71 (0)', '分时': '✅ 收盘高于开盘 (+1)', '盘口': '✅ 振幅适中2.4% (+1)', '尾盘': '✅ 收于高位83% (+2)'}"
600196,Shanghai Fosun Pharm,26.639999389648438,26.350000381469727,26.639999389648438,26.1200008392334,1.1389492609060297,14562067.0,387933455.99201965,0.7330698911820596,26.604000091552734,27.063999938964844,27.377499961853026,25.70094957298629,-2.693820009979725,True,55.76919550011188,0.0,44.23080449988813,100.0,1.9741782361529312,6,"{'趋势': '🟡 站上MA5 (+1)', 'K线': '✅ 强势阳线 (+2)', '量能': '❌ 缩量 量比0.73 (0)', '分时': '✅ 收盘高于开盘 (+1)', '盘口': '❌ 振幅2.0% (0)', '尾盘': '✅ 收于高位100% (+2)'}"
600203,Fujian Furi Electron,12.279999732971191,12.199999809265137,12.289999961853027,12.140000343322754,0.24489577935666454,9479500.0,116408257.46870041,0.704322391484311,12.24199981689453,12.564999961853028,12.974000024795533,24.705875753121873,-5.3491620972559595,True,53.33341810459926,6.6668362091985305,39.9997456862022,93.33316379080146,1.2244866818797833,6,"{'趋势': '🟡 站上MA5 (+1)', 'K线': '✅ 强势阳线 (+2)', '量能': '❌ 缩量 量比0.70 (0)', '分时': '✅ 收盘高于开盘 (+1)', '盘口': '❌ 振幅1.2% (0)', '尾盘': '✅ 收于高位93% (+2)'}"
600250,Nanjing Business & T,11.420000076293945,11.289999961853027,11.470000267028809,11.239999771118164,1.061945871978593,9369100.0,106995122.7148056,0.9123246568993824,11.360000228881836,11.52400016784668,11.71950011253357,49.05658340320938,-2.5555700615533983,True,56.521667019110765,21.73916649044462,21.73916649044462,78.26083350955538,2.0354025843223202,6,"{'趋势': '🟡 站上MA5 (+1)', 'K线': '✅ 强势阳线 (+2)', '量能': '❌ 缩量 量比0.91 (0)', '分时': '✅ 收盘高于开盘 (+1)', '盘口': '✅ 振幅适中2.0% (+1)', '尾盘': '🟡 收于中上78% (+1)'}"
600276,Jiangsu Hengrui Phar,57.599998474121094,57.29999923706055,57.70000076293945,56.22999954223633,0.22620019254695656,48924296.0,2818039374.9474487,0.6818665685288716,57.566000366210936,57.817000198364255,60.21799945831299,53.96823354437805,-4.347538954701166,True,20.40809441757147,6.802871141190392,72.78903444123814,93.1971288588096,2.5578583425774637,6,"{'趋势': '🟡 站上MA5 (+1)', 'K线': '🟡 阳线 (+1)', '量能': '❌ 缩量 量比0.68 (0)', '分时': '✅ 收盘高于开盘 (+1)', '盘口': '✅ 振幅适中2.6% (+1)', '尾盘': '✅ 收于高位93% (+2)'}"
600298,"Angel Yeast Co., Ltd",43.439998626708984,43.040000915527344,43.52000045776367,42.650001525878906,0.392877668469751,7202650.0,312883106.10866547,0.673459359039743,42.49399948120117,43.212999725341795,43.91900005340576,52.941148971341164,-1.0906473874958613,True,45.97680485826409,9.195624054545853,44.82757108719005,90.80437594545415,2.0106284323569192,6,"{'趋势': '🟡 站上MA5 (+1)', 'K线': '🟡 阳线 (+1)', '量能': '❌ 缩量 量比0.67 (0)', '分时': '✅ 收盘高于开盘 (+1)', '盘口': '✅ 振幅适中2.0% (+1)', '尾盘': '✅ 收于高位91% (+2)'}"
600315,Shanghai Jahwa Unite,21.1299991607666,20.93000030517578,21.200000762939453,20.829999923706055,1.1488739977517208,6269306.0,132470430.51858902,0.5464288542607751,21.12599983215332,21.79199962615967,22.618999862670897,39.21566794166128,-6.582964370417001,True,54.05362214993789,18.919309025862557,27.027068824199556,81.08069097413744,1.7711864530582222,6,"{'趋势': '🟡 站上MA5 (+1)', 'K线': '✅ 强势阳线 (+2)', '量能': '❌ 缩量 量比0.55 (0)', '分时': '✅ 收盘高于开盘 (+1)', '盘口': '❌ 振幅1.8% (0)', '尾盘': '✅ 收于高位81% (+2)'}"
600323,Grandblue Environmen,28.93000030517578,28.579999923706055,29.170000076293945,28.389999389648438,1.331002025464007,5027930.0,145458016.43440247,0.8546474926064653,28.84000015258789,28.82100009918213,28.744000053405763,55.29008239338561,0.6470924416380235,True,44.87180427685875,30.76917433884752,24.35902138429373,69.23082566115248,2.73205151484906,6,"{'趋势': '✅ 多头排列 (+2)', 'K线': '🟡 阳线 (+1)', '量能': '❌ 缩量 量比0.85 (0)', '分时': '✅ 收盘高于开盘 (+1)', '盘口': '✅ 振幅适中2.7% (+1)', '尾盘': '🟡 收于中上69% (+1)'}"
600332,Guangzhou Baiyunshan,25.399999618530273,25.149999618530273,25.420000076293945,25.1200008392334,0.913784432018935,11636133.0,295557773.7611675,0.9252164282782666,25.27599983215332,25.317999839782715,25.25149984359741,52.38089831766957,0.5880829885457856,True,83.33354526149816,6.6668362091985305,9.999618529303307,93.33316379080146,1.1918920784712173,6,"{'趋势': '🟡 站上MA5 (+1)', 'K线': '✅ 强势阳线 (+2)', '量能': '❌ 缩量 量比0.93 (0)', '分时': '✅ 收盘高于开盘 (+1)', '盘口': '❌ 振幅1.2% (0)', '尾盘': '✅ 收于高位93% (+2)'}"
600388,"Fujian Longking Co.,",18.229999542236328,17.760000228881836,18.639999389648438,17.729999542236328,2.4157321550918818,24928410.0,454444902.8886795,1.2104317495532042,17.99599952697754,17.789999580383302,16.83249988555908,57.29536738503309,8.302389224289787,True,51.64828485313413,45.054935841811606,3.296779305054265,54.945064158188394,5.112358912451194,6,"{'趋势': '✅ 多头排列 (+2)', 'K线': '🟡 阳线 (+1)', '量能': '🟡 温和放量 量比1.21 (+1)', '分时': '✅ 收盘高于开盘 (+1)', '盘口': '✅ 振幅适中5.1% (+1)', '尾盘': '❌ 收于低位55% (0)'}"
600382,Guangdong Mingzhu Gr,8.789999961853027,8.520000457763672,8.859999656677246,8.369999885559082,3.169008093694691,33255600.0,292316722.73139954,0.8284331646331231,8.986000061035156,9.167000007629394,8.520691919326783,27.368414184058267,3.160635838920489,True,55.101965348519464,14.28565867785645,30.61237597362408,85.71434132214355,5.751170713514012,6,"{'趋势': '❌ 均线空头 (0)', 'K线': '✅ 强势阳线 (+2)', '量能': '❌ 缩量 量比0.83 (0)', '分时': '✅ 收盘高于开盘 (+1)', '盘口': '✅ 振幅适中5.8% (+1)', '尾盘': '✅ 收于高位86% (+2)'}"
600397,Jiangxi Tungsten Rar,11.390000343322754,11.220000267028809,11.40999984741211,11.010000228881836,4.0182697874142335,51046105.0,581415153.4752893,0.9171472978040504,10.544000053405762,10.639000034332275,9.99049997329712,57.083337638113925,14.008311633714603,True,42.50005960470162,4.999880790596762,52.50005960470162,95.00011920940324,3.6529646164178127,6,"{'趋势': '🟡 站上MA5 (+1)', 'K线': '🟡 阳线 (+1)', '量能': '❌ 缩量 量比0.92 (0)', '分时': '✅ 收盘高于开盘 (+1)', '盘口': '✅ 振幅适中3.7% (+1)', '尾盘': '✅ 收于高位95% (+2)'}"
600458,Zhuzhou Times New Ma,14.369999885559082,14.149999618530273,14.399999618530273,14.050000190734863,1.1971836519534642,9665784.0,138897314.9738388,0.6846837095754158,14.369999885559082,14.632999992370605,14.397499990463256,27.586184217016836,-0.19100611163319922,True,62.857321914654186,8.571366290555067,28.57131179479075,91.42863370944492,2.4647847358916475,6,"{'趋势': '❌ 均线空头 (0)', 'K线': '✅ 强势阳线 (+2)', '量能': '❌ 缩量 量比0.68 (0)', '分时': '✅ 收盘高于开盘 (+1)', '盘口': '✅ 振幅适中2.5% (+1)', '尾盘': '✅ 收于高位91% (+2)'}"
600463,Beijing Airport High,11.729999542236328,11.029999732971191,12.050000190734863,11.029999732971191,6.733392052135353,16974463.0,199110443.2197075,2.7612996852425455,11.091999816894532,11.124999809265137,11.104999828338624,69.18604973524438,5.628092963160434,True,68.62740148174743,31.37259851825257,0.0,68.62740148174743,9.281169053745058,6,"{'趋势': '🟡 站上MA5 (+1)', 'K线': '🟡 阳线 (+1)', '量能': '✅ 放量上涨 量比2.76 (+2)', '分时': '✅ 收盘高于开盘 (+1)', '盘口': '❌ 振幅9.3% (0)', '尾盘': '🟡 收于中上69% (+1)'}"
600480,Ling Yun Industrial ,11.720000267028809,11.600000381469727,11.729999542236328,11.550000190734863,0.4284506461695063,9614588.0,112682973.92737198,0.7357442618135595,11.636000061035157,11.919000053405762,12.164500045776368,28.26089210005287,-3.654073550699635,True,66.66684327365783,5.5551729070747,27.777983819267472,94.4448270929253,1.542410885387307,6,"{'趋势': '🟡 站上MA5 (+1)', 'K线': '✅ 强势阳线 (+2)', '量能': '❌ 缩量 量比0.74 (0)', '分时': '✅ 收盘高于开盘 (+1)', '盘口': '❌ 振幅1.5% (0)', '尾盘': '✅ 收于高位94% (+2)'}"
600483,"Fujian Funeng Co., L",9.199999809265137,9.140000343322754,9.210000038146973,9.100000381469727,0.6564492744928128,14189410.0,130542569.29358482,0.6994256288881598,9.131999969482422,9.271000099182128,9.356999921798707,38.09519484471006,-1.6778894287239638,True,54.545139280233734,9.091145539824696,36.363715179941565,90.9088544601753,1.2034972926188845,6,"{'趋势': '🟡 站上MA5 (+1)', 'K线': '✅ 强势阳线 (+2)', '量能': '❌ 缩量 量比0.70 (0)', '分时': '✅ 收盘高于开盘 (+1)', '盘口': '❌ 振幅1.2% (0)', '尾盘': '✅ 收于高位91% (+2)'}"
600487,Hengtong Optic-Elect,37.349998474121094,36.400001525878906,38.02000045776367,36.34000015258789,2.9492826097745417,152216834.0,5685298517.635544,0.8282412296888971,35.063998794555665,32.72099933624268,29.18949966430664,79.23322923822613,27.956967072625886,True,56.547427123400894,39.881063210430476,3.5715096661686365,60.11893678956953,4.63065149311546,6,"{'趋势': '✅ 多头排列 (+2)', 'K线': '🟡 阳线 (+1)', '量能': '❌ 缩量 量比0.83 (0)', '分时': '✅ 收盘高于开盘 (+1)', '盘口': '✅ 振幅适中4.6% (+1)', '尾盘': '🟡 收于中上60% (+1)'}"
600511,China National Medic,29.100000381469727,28.889999389648438,29.149999618530273,28.81999969482422,0.7268985678709791,5478095.0,159412566.5897274,0.9579481686632434,28.987999725341798,29.16299991607666,29.08799982070923,42.49999205271908,0.04125605347382544,True,63.636678900673346,15.151287460624802,21.212033638701847,84.8487125393752,1.142263519134226,6,"{'趋势': '🟡 站上MA5 (+1)', 'K线': '✅ 强势阳线 (+2)', '量能': '❌ 缩量 量比0.96 (0)', '分时': '✅ 收盘高于开盘 (+1)', '盘口': '❌ 振幅1.1% (0)', '尾盘': '✅ 收于高位85% (+2)'}"
600509,Xinjiang Tianfu Ener,8.609999656677246,8.529999732971191,8.609999656677246,8.489999771118164,0.9378654889850614,27395162.0,235872335.41461754,0.8172353147978082,8.497999954223634,8.718000030517578,8.758499956130981,47.311815827928314,-1.6954992315754283,True,66.66666666666666,0.0,33.33333333333333,100.0,1.406798233477592,6,"{'趋势': '🟡 站上MA5 (+1)', 'K线': '✅ 强势阳线 (+2)', '量能': '❌ 缩量 量比0.82 (0)', '分时': '✅ 收盘高于开盘 (+1)', '盘口': '❌ 振幅1.4% (0)', '尾盘': '✅ 收于高位100% (+2)'}"
600529,Shandong Pharmaceuti,20.6200008392334,20.350000381469727,20.639999389648438,20.270000457763672,1.2770148383475242,7139744.0,147221527.27191162,0.9775725051407232,20.458000564575194,20.64500026702881,20.71300001144409,44.898054511058696,-0.4489893890759904,True,72.97330735207696,5.405029228913427,21.621663419009618,94.59497077108658,1.8172835009476787,6,"{'趋势': '🟡 站上MA5 (+1)', 'K线': '✅ 强势阳线 (+2)', '量能': '❌ 缩量 量比0.98 (0)', '分时': '✅ 收盘高于开盘 (+1)', '盘口': '❌ 振幅1.8% (0)', '尾盘': '✅ 收于高位95% (+2)'}"
600550,Baoding Tianwei Baob,16.280000686645508,16.0,16.6299991607666,15.899999618530273,-0.5497870981911648,181916629.0,2961602845.032236,1.2021574672414777,15.350000190734864,15.11500005722046,14.383000040054322,77.6223778555611,13.189186131602218,True,38.35628249679931,47.94502652000104,13.698690983199644,52.05497347999896,4.459373884005944,6,"{'趋势': '✅ 多头排列 (+2)', 'K线': '🟡 阳线 (+1)', '量能': '🟡 温和放量 量比1.20 (+1)', '分时': '✅ 收盘高于开盘 (+1)', '盘口': '✅ 振幅适中4.5% (+1)', '尾盘': '❌ 收于低位52% (0)'}"
600579,KraussMaffei Company,9.170000076293945,8.949999809265137,9.40999984741211,8.90999984741211,3.0337131386108886,14559700.0,133512450.11081696,1.5397062793244214,8.829999923706055,8.885999965667725,8.851500034332275,53.982303872420445,3.59826064199633,True,44.00005340576172,47.99995422363281,7.999992370605469,52.00004577636719,5.617977768886342,6,"{'趋势': '🟡 站上MA5 (+1)', 'K线': '🟡 阳线 (+1)', '量能': '✅ 放量上涨 量比1.54 (+2)', '分时': '✅ 收盘高于开盘 (+1)', '盘口': '✅ 振幅适中5.6% (+1)', '尾盘': '❌ 收于低位52% (0)'}"
600587,Shinva Medical Instr,15.539999961853027,15.3100004196167,15.579999923706055,15.25,1.171877013014985,8813610.0,136963499.06378746,0.7937734212472846,15.546000099182129,15.995000171661378,16.224000120162962,24.35897514273016,-4.215977275911563,True,69.69684709418259,12.121203363870185,18.18194954194723,87.87879663612982,2.148437051315937,6,"{'趋势': '❌ 均线空头 (0)', 'K线': '✅ 强势阳线 (+2)', '量能': '❌ 缩量 量比0.79 (0)', '分时': '✅ 收盘高于开盘 (+1)', '盘口': '✅ 振幅适中2.1% (+1)', '尾盘': '✅ 收于高位88% (+2)'}"
600600,Tsingtao Brewery Com,62.349998474121094,61.7400016784668,62.5,61.439998626708984,0.7921077577350295,6877998.0,428843164.80500793,0.754382554809506,61.87799987792969,61.645999908447266,61.930000114440915,55.85584794361425,0.6781823977136452,True,57.546792959373526,14.151069013542159,28.302138027084318,85.84893098645784,1.7135489214877837,6,"{'趋势': '🟡 站上MA5 (+1)', 'K线': '✅ 强势阳线 (+2)', '量能': '❌ 缩量 量比0.75 (0)', '分时': '✅ 收盘高于开盘 (+1)', '盘口': '❌ 振幅1.7% (0)', '尾盘': '✅ 收于高位86% (+2)'}"
600621,Shanghai Chinafortun,17.020000457763672,16.610000610351562,17.190000534057617,16.549999237060547,2.345167268060717,40269944.0,685394465.3141174,1.011030287993897,16.73399963378906,16.41099967956543,16.206499767303466,67.6767910296795,5.019595237346929,True,64.0623463320866,26.562458090569073,9.375195577344321,73.43754190943092,3.8484746199323796,6,"{'趋势': '✅ 多头排列 (+2)', 'K线': '🟡 阳线 (+1)', '量能': '❌ 缩量 量比1.01 (0)', '分时': '✅ 收盘高于开盘 (+1)', '盘口': '✅ 振幅适中3.8% (+1)', '尾盘': '🟡 收于中上73% (+1)'}"
600645,Vcanbio Cell & Gene ,25.34000015258789,25.010000228881836,25.43000030517578,24.90999984741211,0.6754075318976968,6114901.0,154951592.27305984,0.9382430019057613,25.465999603271484,26.19499988555908,26.67150001525879,20.00003246547702,-4.992219642349125,True,63.4614679235594,17.30770641528812,19.23082566115248,82.69229358471189,2.0659533420241343,6,"{'趋势': '❌ 均线空头 (0)', 'K线': '✅ 强势阳线 (+2)', '量能': '❌ 缩量 量比0.94 (0)', '分时': '✅ 收盘高于开盘 (+1)', '盘口': '✅ 振幅适中2.1% (+1)', '尾盘': '✅ 收于高位83% (+2)'}"
600676,Shanghai Jiao Yun Gr,8.010000228881836,7.929999828338623,8.029999732971191,7.829999923706055,0.754722277436701,22068610.0,176769571.15110397,0.7639542664226345,7.822000026702881,8.091999959945678,8.270999956130982,48.351662747169364,-3.155600636361712,True,40.000238418806475,9.999761581193525,50.0,90.00023841880648,2.5157209316162716,6,"{'趋势': '🟡 站上MA5 (+1)', 'K线': '🟡 阳线 (+1)', '量能': '❌ 缩量 量比0.76 (0)', '分时': '✅ 收盘高于开盘 (+1)', '盘口': '✅ 振幅适中2.5% (+1)', '尾盘': '✅ 收于高位90% (+2)'}"
600682,Nanjing Xinjiekou De,7.159999847412109,7.090000152587891,7.179999828338623,7.03000020980835,0.9873017393189824,17871971.0,127963309.63295364,0.8669687298250078,7.097999954223633,7.249999952316284,7.9445000171661375,40.677964731868286,-9.874758235998659,True,46.66658189540073,13.333354526149815,40.00006357844945,86.66664547385018,2.1156504273913552,6,"{'趋势': '🟡 站上MA5 (+1)', 'K线': '🟡 阳线 (+1)', '量能': '❌ 缩量 量比0.87 (0)', '分时': '✅ 收盘高于开盘 (+1)', '盘口': '✅ 振幅适中2.1% (+1)', '尾盘': '✅ 收于高位87% (+2)'}"
600704,Wuchan Zhongda Group,5.739999771118164,5.630000114440918,5.75,5.610000133514404,1.5929145881701006,61867300.0,355118287.8396988,0.7688854913004335,5.746000003814697,5.792516708374023,5.746450066566467,42.4504609773694,-0.11224835113128036,True,78.57125827228109,7.143027442004625,14.285714285714285,92.85697255799538,2.477873701283384,6,"{'趋势': '❌ 均线空头 (0)', 'K线': '✅ 强势阳线 (+2)', '量能': '❌ 缩量 量比0.77 (0)', '分时': '✅ 收盘高于开盘 (+1)', '盘口': '✅ 振幅适中2.5% (+1)', '尾盘': '✅ 收于高位93% (+2)'}"
600713,Nanjing Pharmaceutic,5.539999961853027,5.409999847412109,5.579999923706055,5.389999866485596,2.0257852116371105,18698480.0,103589578.4867096,1.0191267821779633,5.471999931335449,5.527999973297119,5.516999959945679,51.219478155692656,0.4168932766781295,True,68.42109225792366,21.052605161384232,10.526302580692116,78.94739483861576,3.499080354088923,6,"{'趋势': '🟡 站上MA5 (+1)', 'K线': '✅ 强势阳线 (+2)', '量能': '❌ 缩量 量比1.02 (0)', '分时': '✅ 收盘高于开盘 (+1)', '盘口': '✅ 振幅适中3.5% (+1)', '尾盘': '🟡 收于中上79% (+1)'}"
600707,Caihong Display Devi,6.789999961853027,6.630000114440918,6.840000152587891,6.590000152587891,2.2590376262586185,35869158.0,243551581.4517002,0.6678573637082266,6.723999977111816,6.83299994468689,6.841499972343445,41.00001287459713,-0.7527590542805602,True,63.99993896484375,20.000076293945312,15.999984741210938,79.99992370605469,3.7650603166701484,6,"{'趋势': '🟡 站上MA5 (+1)', 'K线': '✅ 强势阳线 (+2)', '量能': '❌ 缩量 量比0.67 (0)', '分时': '✅ 收盘高于开盘 (+1)', '盘口': '✅ 振幅适中3.8% (+1)', '尾盘': '🟡 收于中上80% (+1)'}"
600736,Suzhou New District ,7.050000190734863,6.960000038146973,7.070000171661377,6.889999866485596,0.7142884390694755,28325849.0,199697240.85272694,0.7779385887401415,6.980000019073486,7.184000062942505,7.148000049591064,25.00001241762766,-1.3710108866298558,True,50.0,11.111081676768533,38.88891832323147,88.88891832323147,2.5714329310825894,6,"{'趋势': '🟡 站上MA5 (+1)', 'K线': '🟡 阳线 (+1)', '量能': '❌ 缩量 量比0.78 (0)', '分时': '✅ 收盘高于开盘 (+1)', '盘口': '✅ 振幅适中2.6% (+1)', '尾盘': '✅ 收于高位89% (+2)'}"
600760,AVIC Shenyang Aircra,55.5,54.38999938964844,55.86000061035156,54.20000076293945,1.778839615656475,21787193.0,1209189211.5,1.0504270321470446,54.86799926757813,56.48599967956543,58.64749984741211,35.12398159802707,-5.366809933247298,True,66.86751279417409,21.686785749576593,11.445701456249326,78.31321425042341,3.044195643815699,6,"{'趋势': '🟡 站上MA5 (+1)', 'K线': '✅ 强势阳线 (+2)', '量能': '❌ 缩量 量比1.05 (0)', '分时': '✅ 收盘高于开盘 (+1)', '盘口': '✅ 振幅适中3.0% (+1)', '尾盘': '🟡 收于中上78% (+1)'}"
600757,Changjiang Publishin,9.170000076293945,9.079999923706055,9.170000076293945,9.0600004196167,0.7692273834049358,11234500.0,103020365.85712433,0.7712004263723431,9.134000205993653,9.104000091552734,9.111000061035156,66.03777998502908,0.6475690359295828,True,81.81857589970782,0.0,18.181424100292173,100.0,1.208787385341628,6,"{'趋势': '🟡 站上MA5 (+1)', 'K线': '✅ 强势阳线 (+2)', '量能': '❌ 缩量 量比0.77 (0)', '分时': '✅ 收盘高于开盘 (+1)', '盘口': '❌ 振幅1.2% (0)', '尾盘': '✅ 收于高位100% (+2)'}"
600763,Topchoice Medical Co,48.84000015258789,48.02000045776367,49.20000076293945,47.779998779296875,1.2018272922232895,13928347.0,680260469.6052971,0.8045347155705612,47.55800018310547,46.89400024414063,45.376000022888185,67.80549375964326,7.633991819359184,True,57.74637671426077,25.352120243388093,16.90150304235114,74.64787975661191,2.942399571135056,6,"{'趋势': '✅ 多头排列 (+2)', 'K线': '🟡 阳线 (+1)', '量能': '❌ 缩量 量比0.80 (0)', '分时': '✅ 收盘高于开盘 (+1)', '盘口': '✅ 振幅适中2.9% (+1)', '尾盘': '🟡 收于中上75% (+1)'}"
600770,"Jiangsu Zongyi Co.,L",7.050000190734863,6.800000190734863,7.289999961853027,6.650000095367432,2.769680080503457,125078251.0,881801693.4067831,1.3197459925718702,6.75,6.6940000534057615,6.158000016212464,67.47968015482083,14.485225270769531,True,39.062508149074226,37.499972060316935,23.43751979060884,62.500027939683065,9.329443936289273,6,"{'趋势': '✅ 多头排列 (+2)', 'K线': '🟡 阳线 (+1)', '量能': '🟡 温和放量 量比1.32 (+1)', '分时': '✅ 收盘高于开盘 (+1)', '盘口': '❌ 振幅9.3% (0)', '尾盘': '🟡 收于中上63% (+1)'}"
600773,Tibet Urban Developm,13.760000228881836,13.699999809265137,13.819999694824219,13.430000305175781,0.5847947508874469,10414805.0,143307719.1837597,0.5348219625230832,13.684000015258789,14.322999954223633,14.158499956130981,29.62964644927942,-2.814561771966424,True,15.384747055831605,15.38450252357291,69.23075042059548,84.6154974764271,2.850872667750472,6,"{'趋势': '🟡 站上MA5 (+1)', 'K线': '🟡 阳线 (+1)', '量能': '❌ 缩量 量比0.53 (0)', '分时': '✅ 收盘高于开盘 (+1)', '盘口': '✅ 振幅适中2.9% (+1)', '尾盘': '✅ 收于高位85% (+2)'}"
600775,Nanjing Panda Electr,14.460000038146973,14.3100004196167,14.510000228881836,14.170000076293945,0.6963815032072612,35747565.0,516909791.2636614,0.9608404375860582,14.185999870300293,14.439999961853028,15.487999868392944,38.66666158040365,-6.637395654579365,True,44.11751506243759,14.705931851585904,41.17655308597651,85.2940681484141,2.367689141481241,6,"{'趋势': '🟡 站上MA5 (+1)', 'K线': '🟡 阳线 (+1)', '量能': '❌ 缩量 量比0.96 (0)', '分时': '✅ 收盘高于开盘 (+1)', '盘口': '✅ 振幅适中2.4% (+1)', '尾盘': '✅ 收于高位85% (+2)'}"
600774,"Hanshang Group Co., ",9.619999885559082,9.390000343322754,9.670000076293945,9.34000015258789,2.123140208548931,11032587.0,106133485.67742062,0.7037969778784623,9.918000030517579,10.473000049591064,10.240500020980836,18.431381642107382,-6.05927575948896,True,69.69684709418259,15.151576452908708,15.151576452908708,84.84842354709129,3.5031838750885087,6,"{'趋势': '❌ 均线空头 (0)', 'K线': '✅ 强势阳线 (+2)', '量能': '❌ 缩量 量比0.70 (0)', '分时': '✅ 收盘高于开盘 (+1)', '盘口': '✅ 振幅适中3.5% (+1)', '尾盘': '✅ 收于高位85% (+2)'}"
600787,CMST Development Co.,5.840000152587891,5.78000020980835,5.849999904632568,5.75,1.2131745562005483,32302491.0,188646552.36896896,0.9481075644467217,5.834000015258789,5.851000022888184,5.789999985694886,51.11113701338748,0.863560742945395,True,60.0,9.999761581193525,30.000238418806475,90.00023841880648,1.7331006059468121,6,"{'趋势': '🟡 站上MA5 (+1)', 'K线': '✅ 强势阳线 (+2)', '量能': '❌ 缩量 量比0.95 (0)', '分时': '✅ 收盘高于开盘 (+1)', '盘口': '❌ 振幅1.7% (0)', '尾盘': '✅ 收于高位90% (+2)'}"
600809,Shanxi Xinghuacun Fe,180.5800018310547,173.72000122070312,182.72000122070312,172.61000061035156,3.5732695781152826,14918661.0,2694011830.696884,0.9796323123081255,175.37200012207032,169.51799926757812,171.7254997253418,80.05600267384757,5.15619527669147,True,67.85361222755668,21.16715391151714,10.979233860926183,78.83284608848285,5.79868096153035,6,"{'趋势': '🟡 站上MA5 (+1)', 'K线': '✅ 强势阳线 (+2)', '量能': '❌ 缩量 量比0.98 (0)', '分时': '✅ 收盘高于开盘 (+1)', '盘口': '✅ 振幅适中5.8% (+1)', '尾盘': '🟡 收于中上79% (+1)'}"
600801,Huaxin Building Mate,24.309999465942383,23.84000015258789,24.450000762939453,23.600000381469727,2.617133465207957,14376202.0,349485462.9422798,0.6117363614345677,24.312000274658203,25.131000137329103,24.713500118255617,34.80174064579337,-1.6327134982194285,True,55.29401204995007,16.470733431318653,28.235254518731278,83.52926656868135,3.5880133487026926,6,"{'趋势': '❌ 均线空头 (0)', 'K线': '✅ 强势阳线 (+2)', '量能': '❌ 缩量 量比0.61 (0)', '分时': '✅ 收盘高于开盘 (+1)', '盘口': '✅ 振幅适中3.6% (+1)', '尾盘': '✅ 收于高位84% (+2)'}"
600810,Shenma Industry Co.L,8.430000305175781,8.279999732971191,8.430000305175781,8.1899995803833,1.6887858138356402,18471502.0,155714767.49705505,0.6679276926071074,8.581999969482421,8.828999900817871,8.954999923706055,30.434812655101425,-5.862642356260353,True,62.50004967038731,0.0,37.499950329612695,100.0,2.895063038562839,6,"{'趋势': '❌ 均线空头 (0)', 'K线': '✅ 强势阳线 (+2)', '量能': '❌ 缩量 量比0.67 (0)', '分时': '✅ 收盘高于开盘 (+1)', '盘口': '✅ 振幅适中2.9% (+1)', '尾盘': '✅ 收于高位100% (+2)'}"
600819,股票600819,8.84000015258789,8.59000015258789,8.9399995803833,8.5600004196167,2.5522073079997454,18051700.0,159577030.75447083,1.3091177432465604,8.506000137329101,8.564999961853028,8.490999984741212,55.07246877585024,4.110236349945251,True,65.78961898117241,26.315697011981186,7.8946840068463935,73.68430298801881,4.408342990853245,6,"{'趋势': '🟡 站上MA5 (+1)', 'K线': '🟡 阳线 (+1)', '量能': '🟡 温和放量 量比1.31 (+1)', '分时': '✅ 收盘高于开盘 (+1)', '盘口': '✅ 振幅适中4.4% (+1)', '尾盘': '🟡 收于中上74% (+1)'}"
600829,股票600829,11.359999656677246,11.220000267028809,11.369999885559082,11.149999618530273,0.6200150138240541,10683600.0,121365692.33207703,0.5757376472894594,11.35,11.773000049591065,11.664500093460083,11.737088571266113,-2.61048852795295,True,63.63600896452769,4.545553065408974,31.818437970063336,95.45444693459103,1.9486294753954982,6,"{'趋势': '🟡 站上MA5 (+1)', 'K线': '✅ 强势阳线 (+2)', '量能': '❌ 缩量 量比0.58 (0)', '分时': '✅ 收盘高于开盘 (+1)', '盘口': '❌ 振幅1.9% (0)', '尾盘': '✅ 收于高位95% (+2)'}"
000059,股票000059,5.929999828338623,5.920000076293945,5.949999809265137,5.769999980926514,1.7152642528509627,32665600.0,193707002.39257812,0.8041108710991536,5.909999942779541,5.948999977111816,5.750000023841858,48.888890066264466,3.1304313695723787,True,5.555423100663069,11.11111111111111,83.33346578822582,88.88888888888889,3.0874756551317333,6,"{'趋势': '🟡 站上MA5 (+1)', 'K线': '🟡 阳线 (+1)', '量能': '❌ 缩量 量比0.80 (0)', '分时': '✅ 收盘高于开盘 (+1)', '盘口': '✅ 振幅适中3.1% (+1)', '尾盘': '✅ 收于高位89% (+2)'}"
002238,股票002238,9.010000228881836,8.40999984741211,9.279999732971191,8.859999656677246,-0.22147845715134834,52918155.0,476792588.6620045,2.2113969896873096,8.605999946594238,8.558000087738037,8.59450011253357,63.1205736118786,4.834488462479998,True,142.8572077329349,64.28558453413018,-107.14279226706509,35.71441546586982,4.651163773132808,6,"{'趋势': '🟡 站上MA5 (+1)', 'K线': '🟡 阳线 (+1)', '量能': '✅ 放量上涨 量比2.21 (+2)', '分时': '✅ 收盘高于开盘 (+1)', '盘口': '✅ 振幅适中4.7% (+1)', '尾盘': '❌ 收于低位36% (0)'}"
002861,股票002861,19.889999389648438,19.459999084472656,20.190000534057617,19.049999237060547,3.0569957301083788,8546392.0,169987731.6636963,1.1191858337110707,19.705999755859374,19.631999588012697,19.40799970626831,52.83019320600082,2.4835103600318664,True,37.71928210156118,26.315859920460305,35.96485797797852,73.6841400795397,5.906742704984149,6,"{'趋势': '✅ 多头排列 (+2)', 'K线': '🟡 阳线 (+1)', '量能': '❌ 缩量 量比1.12 (0)', '分时': '✅ 收盘高于开盘 (+1)', '盘口': '✅ 振幅适中5.9% (+1)', '尾盘': '🟡 收于中上74% (+1)'}"
300843,股票300843,56.27000045776367,52.0,57.5,53.40999984741211,3.247707261951691,15223713.0,856638337.4788628,1.4063589500693252,51.67999954223633,51.81699981689453,50.69099998474121,60.07701374514409,11.005899419427172,True,104.40098529243058,30.073337319023402,-34.47432261145398,69.9266626809766,7.504587435941083,6,"{'趋势': '🟡 站上MA5 (+1)', 'K线': '🟡 阳线 (+1)', '量能': '🟡 温和放量 量比1.41 (+1)', '分时': '✅ 收盘高于开盘 (+1)', '盘口': '✅ 振幅适中7.5% (+1)', '尾盘': '🟡 收于中上70% (+1)'}"
