code,name,close,prev_close,open,high,low,change_pct,volume,turnover,volume_ratio,ma5,ma10,ma20,rsi_6,bias_20,is_yang,body_ratio,upper_shadow_ratio,lower_shadow_ratio,close_position,amplitude,six_dim_score,six_dim_details
300165,ST天瑞,5.619999885559082,5.46999979019165,5.159999847412109,5.650000095367432,5.460000038146973,2.7422321959938527,16046740.0,90182676.96359634,1.606049967248941,5.349999904632568,5.173999977111817,5.154999995231629,100.0,9.020366455045156,True,242.10521032276847,15.789579354463068,-157.89478967723153,84.21042064553693,3.4734929526167684,10,"{'趋势': '✅ 多头排列 (+2)', 'K线': '✅ 强势阳线 (+2)', '量能': '✅ 放量上涨 量比1.61 (+2)', '分时': '✅ 收盘高于开盘 (+1)', '盘口': '✅ 振幅适中3.5% (+1)', '尾盘': '✅ 收于高位84% (+2)', '建议': '建议 5.35 以下低吸'}"
000818,航锦科技,23.760000228881836,23.6200008392334,20.479999542236328,24.040000915527344,22.90999984741211,0.5927154304579663,78402661.0,1862847243.304945,2.0248958329760613,22.14000015258789,21.862999725341798,21.49449987411499,70.13575402625324,10.539907269464328,True,290.26527312193855,24.7787984052555,-215.04407152719403,75.2212015947445,4.784085639143056,9,"{'趋势': '✅ 多头排列 (+2)', 'K线': '✅ 强势阳线 (+2)', '量能': '✅ 放量上涨 量比2.02 (+2)', '分时': '✅ 收盘高于开盘 (+1)', '盘口': '✅ 振幅适中4.8% (+1)', '尾盘': '🟡 收于中上75% (+1)', '建议': '建议 22.91 以下低吸'}"
000833,粤桂股份,20.420000076293945,19.420000076293945,18.75,20.639999389648438,19.489999771118164,5.149330566793886,34250944.0,699404279.0931396,1.508750507355685,19.5939998626709,19.867999839782716,20.97999973297119,56.82540662885876,-2.6692071678017038,True,145.21744610909042,19.130381420096164,-64.34782752918659,80.86961857990383,5.921728187499245,9,"{'趋势': '🟡 站上MA5 (+1)', 'K线': '✅ 强势阳线 (+2)', '量能': '✅ 放量上涨 量比1.51 (+2)', '分时': '✅ 收盘高于开盘 (+1)', '盘口': '✅ 振幅适中5.9% (+1)', '尾盘': '✅ 收于高位81% (+2)', '建议': '建议 19.59 以下低吸'}"
002248,华东数控,12.739999771118164,12.359999656677246,11.949999809265137,12.779999732971191,12.3100004196167,3.0744346682536547,24851200.0,316604282.3120117,1.888535433597437,12.329999923706055,12.191999912261963,12.391499948501586,67.592614668408,2.8124103140453096,True,168.0853438305298,8.510642615100542,-76.59598644563033,91.48935738489946,3.8025835470034526,9,"{'趋势': '🟡 站上MA5 (+1)', 'K线': '✅ 强势阳线 (+2)', '量能': '✅ 放量上涨 量比1.89 (+2)', '分时': '✅ 收盘高于开盘 (+1)', '盘口': '✅ 振幅适中3.8% (+1)', '尾盘': '✅ 收于高位91% (+2)', '建议': '建议 12.33 以下低吸'}"
603370,华新精科,51.439998626708984,49.970001220703125,50.0,51.439998626708984,49.630001068115234,2.9417597960690527,2602262.0,133860353.70633698,1.8077390115539156,49.94600067138672,49.8930004119873,50.322000122070314,72.49284607195244,2.221689324602852,True,79.55804248861912,0.0,20.441957511380878,100.0,3.6221683297535083,9,"{'趋势': '🟡 站上MA5 (+1)', 'K线': '✅ 强势阳线 (+2)', '量能': '✅ 放量上涨 量比1.81 (+2)', '分时': '✅ 收盘高于开盘 (+1)', '盘口': '✅ 振幅适中3.6% (+1)', '尾盘': '✅ 收于高位100% (+2)', '建议': '建议 49.95 以下低吸'}"
000657,中钨高新,52.369998931884766,47.61000061035156,44.63999938964844,52.369998931884766,47.90999984741211,9.997895947302855,93867171.0,4915823645.009045,1.2043575593293496,48.130000305175784,47.80200004577637,45.589999961853025,77.37973547779002,14.871680139734234,True,173.31841096443438,0.0,-73.31841096443435,100.0,9.367777835110855,8,"{'趋势': '✅ 多头排列 (+2)', 'K线': '✅ 强势阳线 (+2)', '量能': '🟡 温和放量 量比1.20 (+1)', '分时': '✅ 收盘高于开盘 (+1)', '盘口': '❌ 振幅9.4% (0)', '尾盘': '✅ 收于高位100% (+2)', '建议': '建议 48.13 以下低吸'}"
000688,国城矿业,31.010000228881836,28.43000030517578,25.6299991607666,31.25,28.360000610351562,9.074920492478352,27677938.0,858292863.7149773,1.436456364340623,28.272000122070313,28.047999954223634,27.972000122070312,65.42552894680375,10.860861195315445,True,186.15924582495157,8.304492103970981,-94.46373792892254,91.69550789602901,10.165316069737441,8,"{'趋势': '✅ 多头排列 (+2)', 'K线': '✅ 强势阳线 (+2)', '量能': '🟡 温和放量 量比1.44 (+1)', '分时': '✅ 收盘高于开盘 (+1)', '盘口': '❌ 振幅10.2% (0)', '尾盘': '✅ 收于高位92% (+2)', '建议': '建议 28.27 以下低吸'}"
000877,天山股份,5.449999809265137,5.349999904632568,5.21999979019165,5.480000019073486,5.309999942779541,1.8691571292548694,21858356.0,119128036.03084946,1.2410733091392516,5.32199993133545,5.351999950408936,5.461499929428101,85.71425791038385,-0.21056706603616304,True,135.29406814841408,17.64717432036711,-52.941242468781205,82.35282567963289,3.177571576155396,8,"{'趋势': '🟡 站上MA5 (+1)', 'K线': '✅ 强势阳线 (+2)', '量能': '🟡 温和放量 量比1.24 (+1)', '分时': '✅ 收盘高于开盘 (+1)', '盘口': '✅ 振幅适中3.2% (+1)', '尾盘': '✅ 收于高位82% (+2)', '建议': '建议 5.32 以下低吸'}"
000909,ST数源,5.75,5.519999980926514,5.53000020980835,5.789999961853027,5.519999980926514,4.166667026598097,5097589.0,29311136.75,1.4064284646549936,5.55600004196167,5.464000082015991,5.565500044822693,95.45451589853778,3.3150651997377643,True,81.48140953073923,14.814801732861676,3.7037887363991024,85.18519826713832,4.891304019193042,8,"{'趋势': '🟡 站上MA5 (+1)', 'K线': '✅ 强势阳线 (+2)', '量能': '🟡 温和放量 量比1.41 (+1)', '分时': '✅ 收盘高于开盘 (+1)', '盘口': '✅ 振幅适中4.9% (+1)', '尾盘': '✅ 收于高位85% (+2)', '建议': '建议 5.56 以下低吸'}"
000951,中国重汽,20.489999771118164,20.139999389648438,19.170000076293945,20.56999969482422,20.040000915527344,1.7378371006784632,15451363.0,316598424.33346367,0.883417606797368,19.871999740600586,19.596999740600587,18.561999797821045,68.25396985583885,10.386811735249793,True,249.05711982495538,15.094359993090345,-164.15147981804571,84.90564000690965,2.631572966031389,8,"{'趋势': '✅ 多头排列 (+2)', 'K线': '✅ 强势阳线 (+2)', '量能': '❌ 缩量 量比0.88 (0)', '分时': '✅ 收盘高于开盘 (+1)', '盘口': '✅ 振幅适中2.6% (+1)', '尾盘': '✅ 收于高位85% (+2)', '建议': '建议 19.87 以下低吸'}"
002299,圣农发展,18.780000686645508,18.450000762939453,17.079999923706055,18.850000381469727,18.3799991607666,1.788617398699116,17387306.0,326533618.61891556,0.7766672935761244,18.18400001525879,17.626999855041504,17.138500022888184,99.47367258680437,9.57785489724962,True,361.70135056165185,14.893513408220246,-276.5948639698721,85.10648659177976,2.5474319851911185,8,"{'趋势': '✅ 多头排列 (+2)', 'K线': '✅ 强势阳线 (+2)', '量能': '❌ 缩量 量比0.78 (0)', '分时': '✅ 收盘高于开盘 (+1)', '盘口': '✅ 振幅适中2.5% (+1)', '尾盘': '✅ 收于高位85% (+2)', '建议': '建议 18.18 以下低吸'}"
002800,天顺股份,20.59000015258789,19.709999084472656,17.299999237060547,20.829999923706055,19.510000228881836,4.464744337854843,9306191.0,191614474.11001205,0.910191525952406,18.97599983215332,17.95999984741211,17.434999847412108,88.8655679372979,18.095786250575056,True,249.24255122388232,18.181805045805277,-167.4243562696876,81.81819495419472,6.697106829721274,8,"{'趋势': '✅ 多头排列 (+2)', 'K线': '✅ 强势阳线 (+2)', '量能': '❌ 缩量 量比0.91 (0)', '分时': '✅ 收盘高于开盘 (+1)', '盘口': '✅ 振幅适中6.7% (+1)', '尾盘': '✅ 收于高位82% (+2)', '建议': '建议 19.12 以下低吸'}"
000014,沙河股份,14.800000190734863,14.539999961853027,13.270000457763672,15.050000190734863,14.489999771118164,1.7881721428058421,27351194.0,404797676.41682625,1.598948306241063,14.089999961853028,13.570999908447266,13.399500036239624,92.62673540153203,10.451883657655252,True,273.21403330705056,44.64282369129586,-217.8568569983464,55.35717630870415,3.851447187661002,7,"{'趋势': '✅ 多头排列 (+2)', 'K线': '🟡 阳线 (+1)', '量能': '✅ 放量上涨 量比1.60 (+2)', '分时': '✅ 收盘高于开盘 (+1)', '盘口': '✅ 振幅适中3.9% (+1)', '尾盘': '❌ 收于低位55% (0)', '建议': '建议 14.10 以下低吸'}"
000156,华数传媒,9.380000114440918,9.829999923706055,8.649999618530273,10.010000228881836,9.260000228881836,-4.577821086040052,121835675.0,1142818645.4429865,1.9692029166870009,9.089999961853028,8.894999980926514,8.644999980926514,60.86956882296647,8.502025854667867,True,97.3333994547526,84.00001525878906,-81.33341471354166,15.999984741210938,7.629705043957304,7,"{'趋势': '✅ 多头排列 (+2)', 'K线': '🟡 阳线 (+1)', '量能': '✅ 放量上涨 量比1.97 (+2)', '分时': '✅ 收盘高于开盘 (+1)', '盘口': '✅ 振幅适中7.6% (+1)', '尾盘': '❌ 收于低位16% (0)', '建议': '建议 9.54 以下低吸'}"
000301,东方盛虹,13.199999809265137,12.760000228881836,12.399999618530273,13.520000457763672,12.609999656677246,3.448272511683631,38861984.0,512978181.3876648,1.2108566180660405,12.855999946594238,12.777000045776367,12.17150001525879,71.91780106080004,8.45006607827276,True,87.91203148170467,35.16487547225177,-23.076906953956435,64.83512452774823,7.131667592189138,7,"{'趋势': '✅ 多头排列 (+2)', 'K线': '🟡 阳线 (+1)', '量能': '🟡 温和放量 量比1.21 (+1)', '分时': '✅ 收盘高于开盘 (+1)', '盘口': '✅ 振幅适中7.1% (+1)', '尾盘': '🟡 收于中上65% (+1)', '建议': '建议 12.86 以下低吸'}"
000655,金岭矿业,10.220000267028809,9.970000267028809,9.930000305175781,10.300000190734863,9.899999618530273,2.507522500543556,13160415.0,134499444.81420994,1.1865613612841348,10.094000053405761,10.268000030517578,10.352500104904175,49.01963167584033,-1.279882506956932,True,72.49988675133693,19.999952316352392,7.500160932310678,80.00004768364761,4.012041740133226,7,"{'趋势': '🟡 站上MA5 (+1)', 'K线': '✅ 强势阳线 (+2)', '量能': '❌ 缩量 量比1.19 (0)', '分时': '✅ 收盘高于开盘 (+1)', '盘口': '✅ 振幅适中4.0% (+1)', '尾盘': '✅ 收于高位80% (+2)', '建议': '建议 10.09 以下低吸'}"
000708,中信特钢,16.079999923706055,15.789999961853027,15.180000305175781,16.110000610351562,15.710000038146973,1.8366052093327208,12763772.0,205241452.78620148,0.9928818187691963,15.570000076293946,15.543000030517579,15.7125,81.17647586809666,2.338901662409256,True,224.99958276808343,7.500160932310678,-132.4997437003941,92.49983906768932,2.533252521665288,7,"{'趋势': '🟡 站上MA5 (+1)', 'K线': '✅ 强势阳线 (+2)', '量能': '❌ 缩量 量比0.99 (0)', '分时': '✅ 收盘高于开盘 (+1)', '盘口': '✅ 振幅适中2.5% (+1)', '尾盘': '✅ 收于高位92% (+2)', '建议': '建议 15.57 以下低吸'}"
000762,西藏矿业,26.440000534057617,25.8700008392334,25.059999465942383,26.600000381469727,25.770000457763672,2.2033230627491136,14109899.0,373065737.09549904,1.1229746954663429,25.970000076293946,26.581000137329102,27.781500148773194,44.609677288980684,-4.828751534408469,True,166.26520421271306,19.277091821610032,-85.54229603432309,80.72290817838996,3.2083490405122457,7,"{'趋势': '🟡 站上MA5 (+1)', 'K线': '✅ 强势阳线 (+2)', '量能': '❌ 缩量 量比1.12 (0)', '分时': '✅ 收盘高于开盘 (+1)', '盘口': '✅ 振幅适中3.2% (+1)', '尾盘': '✅ 收于高位81% (+2)', '建议': '建议 25.97 以下低吸'}"
000779,甘咨询,9.5,9.239999771118164,8.850000381469727,9.680000305175781,9.239999771118164,2.8138553606303005,36071137.0,342675801.5,2.0560422046388687,9.135999870300292,8.925,8.840000009536743,100.0,7.466063232480067,True,147.72700672339576,40.90911061308179,-88.63611733647755,59.090889386918214,4.761910659705257,7,"{'趋势': '✅ 多头排列 (+2)', 'K线': '🟡 阳线 (+1)', '量能': '✅ 放量上涨 量比2.06 (+2)', '分时': '✅ 收盘高于开盘 (+1)', '盘口': '✅ 振幅适中4.8% (+1)', '尾盘': '❌ 收于低位59% (0)', '建议': '建议 9.14 以下低吸'}"
000859,国风新材,11.4399995803833,11.65999984741211,9.960000038146973,11.649999618530273,11.100000381469727,-1.8867947676486185,110846285.0,1268081453.8870478,1.5924142748449117,10.8,10.405000019073487,11.191000032424927,80.09257705777324,2.2249981881594074,True,269.09119913440935,38.181878082106266,-207.2730772165156,61.818121917893734,4.716974650583868,7,"{'趋势': '🟡 站上MA5 (+1)', 'K线': '🟡 阳线 (+1)', '量能': '✅ 放量上涨 量比1.59 (+2)', '分时': '✅ 收盘高于开盘 (+1)', '盘口': '✅ 振幅适中4.7% (+1)', '尾盘': '🟡 收于中上62% (+1)', '建议': '建议 11.31 以下低吸'}"
000892,欢瑞世纪,9.869999885559082,8.970000267028809,7.400000095367432,9.869999885559082,9.40999984741211,10.033440264638767,239511172.0,2363975240.2301216,3.58790195281907,8.375999927520752,8.050999927520753,8.067499947547912,83.38982371412791,22.342732565607683,True,536.9564315997885,0.0,-436.9564315997885,100.0,5.128205400815907,7,"{'风险': '⚠️ 短线过热 (乖离率>15%) -2', '趋势': '🟡 站上MA5 (+1)', 'K线': '✅ 强势阳线 (+2)', '量能': '✅ 放量上涨 量比3.59 (+2)', '分时': '✅ 收盘高于开盘 (+1)', '盘口': '✅ 振幅适中5.1% (+1)', '尾盘': '✅ 收于高位100% (+2)', '建议': '建议 8.70 以下低吸'}"
000937,冀中能源,5.599999904632568,5.519999980926514,5.5,5.630000114440918,5.489999771118164,1.449273985189887,29541985.0,165435113.18265676,1.1036464981486547,5.534000015258789,5.528000020980835,5.499499988555908,70.68963816276263,1.8274373358631437,True,71.42832814490365,21.428668742038543,7.143003113057812,78.57133125796146,2.5362381124366475,7,"{'趋势': '✅ 多头排列 (+2)', 'K线': '✅ 强势阳线 (+2)', '量能': '❌ 缩量 量比1.10 (0)', '分时': '✅ 收盘高于开盘 (+1)', '盘口': '✅ 振幅适中2.5% (+1)', '尾盘': '🟡 收于中上79% (+1)', '建议': '建议 5.53 以下低吸'}"
000930,中粮科技,6.539999961853027,6.429999828338623,6.349999904632568,6.550000190734863,6.389999866485596,1.7107330707787285,25943259.0,169668912.8703432,0.8594514964612903,6.463999938964844,6.490999937057495,6.38199999332428,70.96773201172711,2.4757124521156193,True,118.74979510944881,6.250130384896213,-24.99992549434502,93.74986961510379,2.488341034537917,7,"{'趋势': '🟡 站上MA5 (+1)', 'K线': '✅ 强势阳线 (+2)', '量能': '❌ 缩量 量比0.86 (0)', '分时': '✅ 收盘高于开盘 (+1)', '盘口': '✅ 振幅适中2.5% (+1)', '尾盘': '✅ 收于高位94% (+2)', '建议': '建议 6.46 以下低吸'}"
000953,河化股份,7.380000114440918,7.28000020980835,7.199999809265137,7.380000114440918,7.260000228881836,1.3736250240465435,8778311.0,64783936.18459797,1.235345428369208,7.276000118255615,7.205000019073486,7.266000032424927,85.2941877702372,1.5689524016963878,True,150.00039736467744,0.0,-50.00039736467746,100.0,1.6483500288558521,7,"{'趋势': '🟡 站上MA5 (+1)', 'K线': '✅ 强势阳线 (+2)', '量能': '🟡 温和放量 量比1.24 (+1)', '分时': '✅ 收盘高于开盘 (+1)', '盘口': '❌ 振幅1.6% (0)', '尾盘': '✅ 收于高位100% (+2)', '建议': '建议 7.28 以下低吸'}"
000962,东方钽业,44.540000915527344,40.4900016784668,40.779998779296875,44.540000915527344,40.2599983215332,10.002467446708946,28553786.0,1271785654.5817719,1.0961885942537803,42.23000030517578,41.78800010681152,40.24400024414062,55.74762743784388,10.674884815935274,True,87.85046395781731,0.0,12.149536042182683,100.0,10.570517205659469,7,"{'趋势': '✅ 多头排列 (+2)', 'K线': '✅ 强势阳线 (+2)', '量能': '❌ 缩量 量比1.10 (0)', '分时': '✅ 收盘高于开盘 (+1)', '盘口': '❌ 振幅10.6% (0)', '尾盘': '✅ 收于高位100% (+2)', '建议': '建议 42.23 以下低吸'}"
000973,佛塑科技,13.630000114440918,13.260000228881836,11.850000381469727,13.6899995803833,13.15999984741211,2.790345996775919,55610280.0,757968122.7640915,0.8335421375103055,13.053999900817871,12.559999942779541,12.658499956130981,80.17244249690158,7.674686271491457,True,335.84917543117797,11.320659655057625,-247.1698350862356,88.67934034494237,3.996981325964006,7,"{'趋势': '🟡 站上MA5 (+1)', 'K线': '✅ 强势阳线 (+2)', '量能': '❌ 缩量 量比0.83 (0)', '分时': '✅ 收盘高于开盘 (+1)', '盘口': '✅ 振幅适中4.0% (+1)', '尾盘': '✅ 收于高位89% (+2)', '建议': '建议 13.05 以下低吸'}"
000975,山金国际,30.979999542236328,30.09000015258789,28.56999969482422,31.200000762939453,29.81999969482422,2.9577912433871925,38607711.0,1196066869.1067924,0.8529057952267696,30.37799987792969,31.995999908447267,32.768999862670896,33.45862559031009,-5.459429118776748,True,174.6375349334778,15.942105103121138,-90.57964003659895,84.05789489687886,4.586244802649319,7,"{'趋势': '🟡 站上MA5 (+1)', 'K线': '✅ 强势阳线 (+2)', '量能': '❌ 缩量 量比0.85 (0)', '分时': '✅ 收盘高于开盘 (+1)', '盘口': '✅ 振幅适中4.6% (+1)', '尾盘': '✅ 收于高位84% (+2)', '建议': '建议 30.38 以下低吸'}"
002192,融捷股份,52.779998779296875,51.31999969482422,49.0,52.900001525878906,51.029998779296875,2.844893010823423,6905268.0,364460036.6107178,0.9414783671665666,51.56599884033203,52.98999938964844,55.31299934387207,44.117639559025044,-4.579394707612829,True,202.13867526162258,6.417249750107097,-108.55592501172966,93.5827502498929,3.6438089588894265,7,"{'趋势': '🟡 站上MA5 (+1)', 'K线': '✅ 强势阳线 (+2)', '量能': '❌ 缩量 量比0.94 (0)', '分时': '✅ 收盘高于开盘 (+1)', '盘口': '✅ 振幅适中3.6% (+1)', '尾盘': '✅ 收于高位94% (+2)', '建议': '建议 51.57 以下低吸'}"
002372,伟星新材,12.579999923706055,12.199999809265137,12.40999984741211,12.65999984741211,12.180000305175781,3.1147550850970642,14936826.0,187905269.9404106,1.0317400705862931,12.411999893188476,12.335999965667725,11.821000051498412,70.86091460453179,6.420775475010954,True,35.416716337251344,16.666666666666664,47.916616996081984,83.33333333333334,3.934422538857734,7,"{'趋势': '✅ 多头排列 (+2)', 'K线': '🟡 阳线 (+1)', '量能': '❌ 缩量 量比1.03 (0)', '分时': '✅ 收盘高于开盘 (+1)', '盘口': '✅ 振幅适中3.9% (+1)', '尾盘': '✅ 收于高位83% (+2)', '建议': '建议 12.41 以下低吸'}"
600019,宝钢股份,7.179999828338623,7.059999942779541,7.059999942779541,7.199999809265137,7.03000020980835,1.6997151066808331,117379341.0,842783648.2305007,1.123076164178935,7.1159998893737795,7.143999910354614,7.170999956130982,65.38461538461539,0.12550372699342738,True,70.58833429168479,11.764722381947463,17.646943326367754,88.23527761805254,2.407926357430788,7,"{'趋势': '🟡 站上MA5 (+1)', 'K线': '✅ 强势阳线 (+2)', '量能': '❌ 缩量 量比1.12 (0)', '分时': '✅ 收盘高于开盘 (+1)', '盘口': '✅ 振幅适中2.4% (+1)', '尾盘': '✅ 收于高位88% (+2)', '建议': '建议 7.12 以下低吸'}"
688056,莱伯泰科,37.959999084472656,37.439998626708984,37.470001220703125,38.15999984741211,37.09000015258789,1.3888901624924563,557582.0,21165812.209518433,0.9217017517527114,37.42999954223633,37.082999801635744,36.99950008392334,51.42853639562781,2.5959783196277995,True,45.794205936668874,18.69166541886814,35.514128644462986,81.30833458113186,2.8579052726270704,7,"{'趋势': '✅ 多头排列 (+2)', 'K线': '🟡 阳线 (+1)', '量能': '❌ 缩量 量比0.92 (0)', '分时': '✅ 收盘高于开盘 (+1)', '盘口': '✅ 振幅适中2.9% (+1)', '尾盘': '✅ 收于高位81% (+2)', '建议': '建议 37.43 以下低吸'}"
000029,深深房Ａ,23.209999084472656,21.700000762939453,22.850000381469727,23.75,21.6200008392334,6.958517366101054,15671742.0,363741117.4720917,1.496524190863833,22.49000015258789,22.456000137329102,21.720000076293946,54.768373961092145,6.860032241919526,True,16.901354218062867,25.35216564747348,57.74648013446365,74.64783435252652,9.815663990225937,6,"{'趋势': '✅ 多头排列 (+2)', 'K线': '🟡 阳线 (+1)', '量能': '🟡 温和放量 量比1.50 (+1)', '分时': '✅ 收盘高于开盘 (+1)', '盘口': '❌ 振幅9.8% (0)', '尾盘': '🟡 收于中上75% (+1)', '建议': '建议 22.49 以下低吸'}"
000151,中成股份,13.680000305175781,13.729999542236328,13.59000015258789,13.770000457763672,13.390000343322754,-0.36416051513140146,4311897.0,58986752.275886536,0.8302943359749211,13.668000030517579,13.505000114440918,13.3364999294281,90.38473529961962,2.5756411169749147,True,23.68424354826971,23.68424354826971,52.63151290346059,76.3157564517303,2.7676629796815266,6,"{'趋势': '✅ 多头排列 (+2)', 'K线': '🟡 阳线 (+1)', '量能': '❌ 缩量 量比0.83 (0)', '分时': '✅ 收盘高于开盘 (+1)', '盘口': '✅ 振幅适中2.8% (+1)', '尾盘': '🟡 收于中上76% (+1)', '建议': '建议 13.67 以下低吸'}"
000507,珠海港,5.489999771118164,5.460000038146973,5.460000038146973,5.570000171661377,5.449999809265137,0.5494456549742587,14049989.0,77134436.39421272,1.4023886900268008,5.463999938964844,5.454999923706055,5.437499976158142,75.00009934156412,0.9655134747626424,True,24.999701977676143,66.66679912103282,8.333498901291032,33.333200878967176,2.197808819740709,6,"{'趋势': '✅ 多头排列 (+2)', 'K线': '🟡 阳线 (+1)', '量能': '🟡 温和放量 量比1.40 (+1)', '分时': '✅ 收盘高于开盘 (+1)', '盘口': '✅ 振幅适中2.2% (+1)', '尾盘': '❌ 收于低位33% (0)', '建议': '建议 5.46 以下低吸'}"
000510,新金路,16.479999542236328,14.979999542236328,14.819999694824219,16.479999542236328,14.829999923706055,10.013351440837685,46559718.0,767304131.3266525,0.9172521204314253,15.565999794006348,15.657999897003174,16.648499965667725,60.82472630421654,-1.0121057379275937,True,100.6060746178077,0.0,-0.6060746178077046,100.0,11.014684038394497,6,"{'趋势': '🟡 站上MA5 (+1)', 'K线': '✅ 强势阳线 (+2)', '量能': '❌ 缩量 量比0.92 (0)', '分时': '✅ 收盘高于开盘 (+1)', '盘口': '❌ 振幅11.0% (0)', '尾盘': '✅ 收于高位100% (+2)', '建议': '建议 15.57 以下低吸'}"
000537,绿发电力,8.65999984741211,8.510000228881836,8.529999732971191,8.760000228881836,8.510000228881836,1.762627667402337,23787891.0,206003132.4302559,1.6454146342138247,8.545999908447266,8.501999950408935,8.55799994468689,70.12987334685819,1.1918661297555306,True,52.00004577636719,40.000152587890625,7.9998016357421875,59.999847412109375,2.9377202500128314,6,"{'趋势': '🟡 站上MA5 (+1)', 'K线': '🟡 阳线 (+1)', '量能': '✅ 放量上涨 量比1.65 (+2)', '分时': '✅ 收盘高于开盘 (+1)', '盘口': '✅ 振幅适中2.9% (+1)', '尾盘': '❌ 收于低位60% (0)', '建议': '建议 8.55 以下低吸'}"
000559,万向钱潮,20.209999084472656,19.530000686645508,16.559999465942383,20.8799991607666,18.799999237060547,3.4818145105961364,363938704.0,7355200874.644165,1.851668552900243,18.311999893188478,17.79400005340576,18.430999946594238,80.36115622346719,9.652211724991894,True,175.48075732747435,32.21154331102897,-107.69230063850333,67.78845668897104,10.65028085292565,6,"{'趋势': '🟡 站上MA5 (+1)', 'K线': '🟡 阳线 (+1)', '量能': '✅ 放量上涨 量比1.85 (+2)', '分时': '✅ 收盘高于开盘 (+1)', '盘口': '❌ 振幅10.7% (0)', '尾盘': '🟡 收于中上68% (+1)', '建议': '建议 18.94 以下低吸'}"
000582,北部湾港,10.460000038146973,9.890000343322754,9.710000038146973,10.880000114440918,9.9399995803833,5.763394085310167,149390642.0,1562626121.0188007,2.624893075908317,9.898000144958496,9.824999904632568,9.791499948501587,81.7391362036981,6.827351204221658,True,79.78718871174905,44.68083379495202,-24.46802250670108,55.31916620504798,9.504555120589654,6,"{'趋势': '✅ 多头排列 (+2)', 'K线': '🟡 阳线 (+1)', '量能': '✅ 放量上涨 量比2.62 (+2)', '分时': '✅ 收盘高于开盘 (+1)', '盘口': '❌ 振幅9.5% (0)', '尾盘': '❌ 收于低位55% (0)', '建议': '建议 9.90 以下低吸'}"
000635,英 力 特,10.140000343322754,10.239999771118164,9.920000076293945,10.390000343322754,10.100000381469727,-0.9765569338923008,7087800.0,71870294.43340302,1.23473720364687,10.158000183105468,10.096000003814698,10.090500020980835,63.043530091044886,0.49056362161433276,True,75.86217102342422,86.20690789149158,-62.0690789149158,13.79309210850842,2.8320309407717943,6,"{'趋势': '✅ 多头排列 (+2)', 'K线': '🟡 阳线 (+1)', '量能': '🟡 温和放量 量比1.23 (+1)', '分时': '✅ 收盘高于开盘 (+1)', '盘口': '✅ 振幅适中2.8% (+1)', '尾盘': '❌ 收于低位14% (0)', '建议': '建议 10.16 以下低吸'}"
000612,焦作万方,14.0,13.170000076293945,12.720000267028809,14.430000305175781,13.119999885559082,6.302201358374006,85888752.0,1202442528.0,1.7548700230471375,13.313999938964844,13.499999904632569,13.631999969482422,63.551403951599674,2.6995307463424996,True,97.70987198200395,32.824440262515154,-30.5343122445191,67.17555973748485,9.946852027546344,6,"{'趋势': '🟡 站上MA5 (+1)', 'K线': '🟡 阳线 (+1)', '量能': '✅ 放量上涨 量比1.75 (+2)', '分时': '✅ 收盘高于开盘 (+1)', '盘口': '❌ 振幅9.9% (0)', '尾盘': '🟡 收于中上67% (+1)', '建议': '建议 13.31 以下低吸'}"
000605,渤海股份,7.300000190734863,7.28000020980835,7.190000057220459,7.320000171661377,7.230000019073486,0.27472500480930867,4249399.0,31020613.510508537,0.9291155549862977,7.248000049591065,7.173000001907349,7.104500007629395,85.71443168523214,2.7517796170810676,True,122.22216335353706,22.222163353537066,-44.44432670707413,77.77783664646294,1.236265796622277,6,"{'趋势': '✅ 多头排列 (+2)', 'K线': '✅ 强势阳线 (+2)', '量能': '❌ 缩量 量比0.93 (0)', '分时': '✅ 收盘高于开盘 (+1)', '盘口': '❌ 振幅1.2% (0)', '尾盘': '🟡 收于中上78% (+1)', '建议': '建议 7.25 以下低吸'}"
000672,上峰水泥,15.010000228881836,14.5600004196167,14.84000015258789,15.569999694824219,14.5600004196167,3.090657941594917,36016148.0,540602389.7234421,1.4435264828706744,14.784000015258789,14.689999961853028,14.067500019073487,52.238822965914665,6.699841539224851,True,16.831702800877384,55.445531466081746,27.722765733040873,44.554468533918254,6.936808008925238,6,"{'趋势': '✅ 多头排列 (+2)', 'K线': '🟡 阳线 (+1)', '量能': '🟡 温和放量 量比1.44 (+1)', '分时': '✅ 收盘高于开盘 (+1)', '盘口': '✅ 振幅适中6.9% (+1)', '尾盘': '❌ 收于低位45% (0)', '建议': '建议 14.78 以下低吸'}"
000739,普洛药业,18.729999542236328,18.510000228881836,18.709999084472656,18.84000015258789,18.3799991607666,1.1885430072076344,6866794.0,128615048.47663116,0.982944717599398,18.71599998474121,18.61299991607666,18.54350004196167,67.58622866891955,1.0057405551952503,True,4.347916226111546,23.913124603500393,71.73895917038806,76.08687539649961,2.4851484934264483,6,"{'趋势': '✅ 多头排列 (+2)', 'K线': '🟡 阳线 (+1)', '量能': '❌ 缩量 量比0.98 (0)', '分时': '✅ 收盘高于开盘 (+1)', '盘口': '✅ 振幅适中2.5% (+1)', '尾盘': '🟡 收于中上76% (+1)', '建议': '建议 18.72 以下低吸'}"
000758,中色股份,7.519999980926514,7.329999923706055,7.110000133514404,7.630000114440918,7.289999961853027,2.592088120028176,78247588.0,588421860.2675457,1.2098023661284896,7.381999969482422,7.594000005722046,7.684000015258789,50.0,-2.1343054920172593,True,120.58813629682818,32.35296592579295,-52.94110222262114,67.64703407420704,4.638474162711672,6,"{'趋势': '🟡 站上MA5 (+1)', 'K线': '🟡 阳线 (+1)', '量能': '🟡 温和放量 量比1.21 (+1)', '分时': '✅ 收盘高于开盘 (+1)', '盘口': '✅ 振幅适中4.6% (+1)', '尾盘': '🟡 收于中上68% (+1)', '建议': '建议 7.38 以下低吸'}"
000782,恒申新材,6.130000114440918,6.059999942779541,5.800000190734863,6.190000057220459,6.0,1.1551183551541415,19113800.0,117167596.18740082,0.9648958201471104,6.0559999465942385,5.9449999809265135,5.771499991416931,67.92452660435397,6.211558928478371,True,173.6841180648448,31.57890774207635,-105.26302580692118,68.42109225792366,3.135314505189774,6,"{'趋势': '✅ 多头排列 (+2)', 'K线': '🟡 阳线 (+1)', '量能': '❌ 缩量 量比0.96 (0)', '分时': '✅ 收盘高于开盘 (+1)', '盘口': '✅ 振幅适中3.1% (+1)', '尾盘': '🟡 收于中上68% (+1)', '建议': '建议 6.06 以下低吸'}"
000792,盐湖股份,33.91999816894531,32.939998626708984,31.299999237060547,34.189998626708984,32.849998474121094,2.97510498813958,70891583.0,2404642365.5536346,1.080288437917167,32.85999984741211,32.928999519348146,33.75299959182739,60.927148135282785,0.49476662559601997,True,195.5222860851816,20.149285598380747,-115.67157168356235,79.85071440161924,4.068003061485766,6,"{'趋势': '🟡 站上MA5 (+1)', 'K线': '✅ 强势阳线 (+2)', '量能': '❌ 缩量 量比1.08 (0)', '分时': '✅ 收盘高于开盘 (+1)', '盘口': '✅ 振幅适中4.1% (+1)', '尾盘': '🟡 收于中上80% (+1)', '建议': '建议 32.86 以下低吸'}"
000801,四川九洲,16.65999984741211,16.170000076293945,15.619999885559082,16.8799991607666,16.360000610351562,3.0303016005332557,45527700.0,758491475.0530243,2.2896027162084818,15.986000061035156,15.824000072479247,16.109000205993652,82.96293104300858,3.4204459269511176,True,200.00055019825479,42.30767820004475,-142.30822839829952,57.69232179995525,3.2158228074308037,6,"{'趋势': '🟡 站上MA5 (+1)', 'K线': '🟡 阳线 (+1)', '量能': '✅ 放量上涨 量比2.29 (+2)', '分时': '✅ 收盘高于开盘 (+1)', '盘口': '✅ 振幅适中3.2% (+1)', '尾盘': '❌ 收于低位58% (0)', '建议': '建议 15.99 以下低吸'}"
000819,岳阳兴长,16.65999984741211,16.510000228881836,16.200000762939453,17.06999969482422,16.350000381469727,0.9085379554863422,10721038.0,178612491.44409943,1.5944211963723292,16.511999893188477,16.585000038146973,16.49549994468689,61.607104844134504,0.9972410856101563,True,63.888822661442646,56.94447755816756,-20.833300219610212,43.05552244183243,4.36098911794658,6,"{'趋势': '🟡 站上MA5 (+1)', 'K线': '🟡 阳线 (+1)', '量能': '✅ 放量上涨 量比1.59 (+2)', '分时': '✅ 收盘高于开盘 (+1)', '盘口': '✅ 振幅适中4.4% (+1)', '尾盘': '❌ 收于低位43% (0)', '建议': '建议 16.51 以下低吸'}"
000815,美利云,15.029999732971191,15.529999732971191,13.140000343322754,15.59000015258789,14.989999771118164,-3.2195750714564904,125032716.0,1879241688.0926628,1.4166502746466385,14.317999839782715,14.208999824523925,13.302999877929688,53.80710942494159,12.982033157097735,True,314.99969800332514,93.3333439297079,-308.33304193303303,6.66665607029211,3.8634925420886326,6,"{'趋势': '✅ 多头排列 (+2)', 'K线': '🟡 阳线 (+1)', '量能': '🟡 温和放量 量比1.42 (+1)', '分时': '✅ 收盘高于开盘 (+1)', '盘口': '✅ 振幅适中3.9% (+1)', '尾盘': '❌ 收于低位7% (0)', '建议': '建议 15.06 以下低吸'}"
000893,亚钾国际,55.119998931884766,53.599998474121094,52.83000183105469,55.650001525878906,53.29999923706055,2.8358218302889533,11397800.0,628246723.8258362,1.137176298403649,54.06800003051758,54.55,55.7769998550415,49.887616562455534,-1.1779065293296742,True,97.44659023211193,22.553279905979977,-19.999870138091907,77.44672009402002,4.384332753205164,6,"{'趋势': '🟡 站上MA5 (+1)', 'K线': '✅ 强势阳线 (+2)', '量能': '❌ 缩量 量比1.14 (0)', '分时': '✅ 收盘高于开盘 (+1)', '盘口': '✅ 振幅适中4.4% (+1)', '尾盘': '🟡 收于中上77% (+1)', '建议': '建议 54.07 以下低吸'}"
000931,中 关 村,5.269999980926514,5.28000020980835,5.21999979019165,5.309999942779541,5.199999809265137,-0.18939826675118485,9114257.0,48032134.21615934,0.76075792724301,5.25,5.1989999294281,5.175499963760376,76.19044375265382,1.8259108845105039,True,45.45466367849077,36.36355754767282,18.18177877383641,63.63644245232718,2.083335779230907,6,"{'趋势': '✅ 多头排列 (+2)', 'K线': '🟡 阳线 (+1)', '量能': '❌ 缩量 量比0.76 (0)', '分时': '✅ 收盘高于开盘 (+1)', '盘口': '✅ 振幅适中2.1% (+1)', '尾盘': '🟡 收于中上64% (+1)', '建议': '建议 5.25 以下低吸'}"
000929,*ST兰黄,10.0,9.960000038146973,9.850000381469727,10.210000038146973,9.850000381469727,0.4016060411629196,3354901.0,33549010.0,1.500684564956823,9.941999816894532,9.937999820709228,10.14399995803833,40.47620128882249,-1.4195579518336028,True,41.666600439220424,58.333399560779576,0.0,41.666600439220424,3.6144543704662766,6,"{'趋势': '🟡 站上MA5 (+1)', 'K线': '🟡 阳线 (+1)', '量能': '✅ 放量上涨 量比1.50 (+2)', '分时': '✅ 收盘高于开盘 (+1)', '盘口': '✅ 振幅适中3.6% (+1)', '尾盘': '❌ 收于低位42% (0)', '建议': '建议 9.94 以下低吸'}"
000932,华菱钢铁,6.230000019073486,6.099999904632568,6.139999866485596,6.289999961853027,6.050000190734863,2.1311494503826305,61216645.0,381379699.51761484,0.9116627656521209,6.165999984741211,6.133999967575074,6.042499971389771,67.12327603888374,3.1030210768969315,True,37.50009934116936,25.0,37.49990065883064,75.0,3.934422538857734,6,"{'趋势': '✅ 多头排列 (+2)', 'K线': '🟡 阳线 (+1)', '量能': '❌ 缩量 量比0.91 (0)', '分时': '✅ 收盘高于开盘 (+1)', '盘口': '✅ 振幅适中3.9% (+1)', '尾盘': '🟡 收于中上75% (+1)', '建议': '建议 6.17 以下低吸'}"
000968,蓝焰控股,8.029999732971191,7.71999979019165,7.659999847412109,8.170000076293945,7.639999866485596,4.015543409384539,38441646.0,308686407.11497307,1.4011844444160297,7.875999832153321,7.976999950408936,7.787499976158142,62.72726721014571,3.113961573746073,True,69.81127152626517,26.415148660672916,3.773579813061914,73.58485133932709,6.865287878397627,6,"{'趋势': '🟡 站上MA5 (+1)', 'K线': '🟡 阳线 (+1)', '量能': '🟡 温和放量 量比1.40 (+1)', '分时': '✅ 收盘高于开盘 (+1)', '盘口': '✅ 振幅适中6.9% (+1)', '尾盘': '🟡 收于中上74% (+1)', '建议': '建议 7.88 以下低吸'}"
002177,御银股份,8.720000267028809,8.149999618530273,7.860000133514404,8.970000267028809,8.029999732971191,6.993873315068032,210890535.0,1838965521.5138483,2.0270303274994106,8.241999912261964,7.948999977111816,7.991999959945678,90.17852847374397,9.10911299714369,True,91.48932392645754,26.59572957058302,-18.08505349704057,73.40427042941698,11.533749423992386,6,"{'趋势': '🟡 站上MA5 (+1)', 'K线': '🟡 阳线 (+1)', '量能': '✅ 放量上涨 量比2.03 (+2)', '分时': '✅ 收盘高于开盘 (+1)', '盘口': '❌ 振幅11.5% (0)', '尾盘': '🟡 收于中上73% (+1)', '建议': '建议 8.24 以下低吸'}"
002343,慈文传媒,7.949999809265137,8.5,7.579999923706055,8.260000228881836,7.880000114440918,-6.470590479233686,63026192.0,501058214.3787079,1.2075033947302856,7.933999919891358,7.740999984741211,7.647000002861023,57.69230164618887,3.962335638691652,True,97.36836161311453,81.57903322550123,-78.94739483861576,18.420966774498755,4.470589581657858,6,"{'趋势': '✅ 多头排列 (+2)', 'K线': '🟡 阳线 (+1)', '量能': '🟡 温和放量 量比1.21 (+1)', '分时': '✅ 收盘高于开盘 (+1)', '盘口': '✅ 振幅适中4.5% (+1)', '尾盘': '❌ 收于低位18% (0)', '建议': '建议 8.24 以下低吸'}"
002444,巨星科技,36.349998474121094,35.91999816894531,36.099998474121094,36.68000030517578,35.70000076293945,1.1971055876821803,7595379.0,276092015.0603714,1.210756779756175,36.1239990234375,35.71899948120117,36.746999740600586,62.39667206819801,-1.0803637556316148,True,25.510215997602188,33.67367195923722,40.816112043160594,66.32632804076279,2.728283942630009,6,"{'趋势': '🟡 站上MA5 (+1)', 'K线': '🟡 阳线 (+1)', '量能': '🟡 温和放量 量比1.21 (+1)', '分时': '✅ 收盘高于开盘 (+1)', '盘口': '✅ 振幅适中2.7% (+1)', '尾盘': '🟡 收于中上66% (+1)', '建议': '建议 36.12 以下低吸'}"
600233,圆通速递,18.020000457763672,17.920000076293945,17.90999984741211,18.15999984741211,17.68000030517578,0.5580378406471957,9151480.0,164909673.7892151,0.7073773180580827,18.022000122070313,17.547000122070312,17.4,82.75862976146317,3.5632210216303064,True,22.91681567842071,29.1665673254973,47.916616996081984,70.83343267450269,2.6785688626827135,6,"{'趋势': '✅ 多头排列 (+2)', 'K线': '🟡 阳线 (+1)', '量能': '❌ 缩量 量比0.71 (0)', '分时': '✅ 收盘高于开盘 (+1)', '盘口': '✅ 振幅适中2.7% (+1)', '尾盘': '🟡 收于中上71% (+1)', '建议': '建议 18.02 以下低吸'}"
600548,深高速,9.229999542236328,9.170000076293945,9.170000076293945,9.25,9.15999984741211,0.6543016951274835,4746721.0,43812232.657123566,0.8772230928849237,9.165999794006348,9.108999729156494,9.00949993133545,87.17944955923168,2.4474123156821492,True,66.66596024244478,22.222693171703472,11.111346585851736,77.77730682829653,0.9814629426291583,6,"{'趋势': '✅ 多头排列 (+2)', 'K线': '✅ 强势阳线 (+2)', '量能': '❌ 缩量 量比0.88 (0)', '分时': '✅ 收盘高于开盘 (+1)', '盘口': '❌ 振幅1.0% (0)', '尾盘': '🟡 收于中上78% (+1)', '建议': '建议 9.17 以下低吸'}"
600547,山东黄金,47.349998474121094,45.20000076293945,45.06999969482422,48.130001068115234,44.88999938964844,4.756632024096058,77530872.0,3671086670.897278,1.0563743003932289,45.77799987792969,48.964999771118165,50.00200004577637,39.45083749762269,-5.303790986815314,True,70.37029623934623,24.0741416641255,5.555562096528274,75.9258583358745,7.168145185349976,6,"{'趋势': '🟡 站上MA5 (+1)', 'K线': '✅ 强势阳线 (+2)', '量能': '❌ 缩量 量比1.06 (0)', '分时': '✅ 收盘高于开盘 (+1)', '盘口': '✅ 振幅适中7.2% (+1)', '尾盘': '🟡 收于中上76% (+1)', '建议': '建议 45.78 以下低吸'}"
600764,中国海防,28.479999542236328,28.31999969482422,28.280000686645508,28.75,27.959999084472656,0.5649712187014997,9900564.0,281968058.18788147,1.307612433074529,27.956000137329102,27.601000022888183,28.118499755859375,72.11538726056126,1.2856297082550545,True,25.316281495359593,34.17723352680425,40.50648497783615,65.82276647319574,2.7895512854533147,6,"{'趋势': '🟡 站上MA5 (+1)', 'K线': '🟡 阳线 (+1)', '量能': '🟡 温和放量 量比1.31 (+1)', '分时': '✅ 收盘高于开盘 (+1)', '盘口': '✅ 振幅适中2.8% (+1)', '尾盘': '🟡 收于中上66% (+1)', '建议': '建议 27.96 以下低吸'}"
600971,恒源煤电,6.980000019073486,6.929999828338623,6.920000076293945,7.070000171661377,6.809999942779541,0.7215034916797419,26353256.0,183945727.38264847,0.9708552333300585,6.9019999504089355,6.842999982833862,6.64799997806549,68.69564315997886,4.993983786152254,True,23.076880754135644,34.61541283057624,42.30770641528812,65.38458716942375,3.751807147507067,6,"{'趋势': '✅ 多头排列 (+2)', 'K线': '🟡 阳线 (+1)', '量能': '❌ 缩量 量比0.97 (0)', '分时': '✅ 收盘高于开盘 (+1)', '盘口': '✅ 振幅适中3.8% (+1)', '尾盘': '🟡 收于中上65% (+1)', '建议': '建议 6.90 以下低吸'}"
603948,建业股份,29.100000381469727,28.469999313354492,28.450000762939453,29.6299991607666,28.260000228881836,2.212859442605319,3823000.0,111249301.45835876,1.2435627816720118,28.472000122070312,29.063999938964844,29.066000080108644,52.173923860212746,0.11697619647483147,True,47.445264620465174,38.68607244589112,13.868662933643709,61.31392755410888,4.812079258611492,6,"{'趋势': '🟡 站上MA5 (+1)', 'K线': '🟡 阳线 (+1)', '量能': '🟡 温和放量 量比1.24 (+1)', '分时': '✅ 收盘高于开盘 (+1)', '盘口': '✅ 振幅适中4.8% (+1)', '尾盘': '🟡 收于中上61% (+1)', '建议': '建议 28.47 以下低吸'}"
688096,京源环保,9.65999984741211,9.420000076293945,9.5,9.789999961853027,9.369999885559082,2.5477682502587173,7771571.0,75073374.67415237,1.2055856694551483,9.378000068664551,9.150999927520752,9.160499954223633,92.75360115435967,5.452757990115722,True,38.095194844710065,30.95240257764497,30.95240257764497,69.04759742235504,4.4585994999183,6,"{'趋势': '🟡 站上MA5 (+1)', 'K线': '🟡 阳线 (+1)', '量能': '🟡 温和放量 量比1.21 (+1)', '分时': '✅ 收盘高于开盘 (+1)', '盘口': '✅ 振幅适中4.5% (+1)', '尾盘': '🟡 收于中上69% (+1)', '建议': '建议 9.38 以下低吸'}"
688319,欧林生物,25.0,24.399999618530273,24.139999389648438,25.239999771118164,24.139999389648438,2.459017995287442,3866858.0,96671450.0,1.0819807191622213,24.3,24.10300006866455,25.14050006866455,68.59207988558657,-0.5588594828297465,True,78.18184655558966,21.818153444410342,0.0,78.18184655558966,4.508198355193191,6,"{'趋势': '🟡 站上MA5 (+1)', 'K线': '✅ 强势阳线 (+2)', '量能': '❌ 缩量 量比1.08 (0)', '分时': '✅ 收盘高于开盘 (+1)', '盘口': '✅ 振幅适中4.5% (+1)', '尾盘': '🟡 收于中上78% (+1)', '建议': '建议 24.30 以下低吸'}"
